"","WT1","WT2","insASAY1","insASAY2","hete_DelE61","hete_DelE62","homo_DelE61","homo_DelE62"
" Eya1",50.7205568555206,44.4277655605882,39.8386558930804,40.4611630237887,117.111609310173,134.990234542458,46.0168339049411,23.8599505086172
" Bag2",374.940585056843,322.005337681616,718.88693919322,721.034439844333,426.183319345232,356.721303030412,482.070775943673,751.574371678444
" Rnf149",1192.35230443001,1203.0708873973,1928.15817265503,2002.23046698346,1396.32762088533,1322.33861970127,1487.02409816344,1712.56576890166
" Zdbf2",263.020767160349,256.795426412009,916.459167695432,925.77190926248,293.462223755845,287.931382893886,536.472776832804,807.838189479439
" Klf7",762.232291606836,718.176548460809,469.628313505461,478.52520576983,554.467262280416,546.670016805945,907.556893503656,800.40961534147
" Fzd5",415.356043254261,405.507017636521,257.298040702373,243.472945341507,394.523026556732,361.826646755844,292.693731488073,239.577655647457
" Mreg",2598.98141785321,2562.68775949049,1673.79987657613,1663.68279246044,1733.83242730415,1794.93194273998,1811.4042978029,1525.71786969219
" Irs1",35.7842499639093,26.7953618507429,31.7030423646086,35.8782447647826,63.7984482891165,61.2110302015191,27.6681041289373,35.2798387674618
" Dis3l2",918.206064675568,872.666804728031,654.761282567106,575.066582436427,1013.57107564676,1021.98058726355,762.42447226751,660.411521060629
" Cd55",510.596588058283,582.194022312088,412.90961187108,379.734065031328,357.071030654235,359.66828799483,473.826348162099,410.799546158979
" Etnk2",245.898374926056,245.731644456157,194.266115286065,177.497537160804,203.994080787695,202.774233107761,236.0959319248,200.987002693844
" Btg2",5235.48494185785,5189.49866020799,3539.11013180974,3762.89026845484,3574.2246421303,3402.66251793163,5505.54034936607,4485.03149710583
" Csrp1",11486.708646362,11275.7315944768,8107.63685224497,9074.06853863178,5753.75942589833,5483.01526323386,12576.1789945116,12776.1555066056
" Hmcn1",20.4865503174297,17.1024673863073,19.2231117665905,21.5408434954612,39.0913342297754,33.3248151649983,18.282782494219,11.2588942682625
" Ivns1abp",2683.85673580329,2684.80214909509,3250.04221886165,3357.70808642975,4808.74430761465,4632.59941941011,2904.59049763292,2808.15358057264
" Cadm3",9.61735242835689,7.92165498749412,12.6529271311243,16.0851523922596,36.6126725778085,31.6382873274945,12.9912380749417,11.0818387825824
" Akt3",1027.38978049292,962.082387820325,593.848517078865,634.910065252246,865.945406358041,827.323830905995,844.061957280756,743.864541757929
" Mixl1",10.0855031205248,7.41719911735909,25.2739859966854,45.5754114112591,10.471334627647,9.69497728302495,12.9748778991232,38.0865391053265
" Lefty1",1175.16922709759,1052.41264720816,3366.4227790886,2752.83827804766,430.009881135088,498.804586360341,1111.57060431211,1738.28338919717
" Tmem63a",621.84260939318,659.809444096621,482.277497459437,487.450687553565,397.551445273524,454.089158315184,456.909187070439,538.721857404232
" Slc30a1",380.055980373918,390.009455374076,279.168140327804,208.308004646103,518.274582531633,559.11708011766,295.146307175936,203.1365888071
" Sephs1",948.238282863224,886.74058727044,1555.33194690981,1533.16403734525,1017.41729271591,988.87492392119,1254.17172475454,1389.90227744343
" A930004D18Rik",40.0688139873383,27.5033524498456,93.4919467232843,76.2050698001471,39.4682685965372,35.7190246868219,63.6089658273381,85.6553250523035
" Tsc1",1240.61640320097,1198.69757479036,1006.83297435316,927.271634206456,1540.25730487512,1533.31440640543,939.556275263646,776.619094239069
" Prrc2b",4130.2928143484,4109.69938877861,2964.19346193576,3027.79057721156,3557.34467214835,3440.63275034053,3315.05516135784,3032.26841941734
" Fam102a",238.35045612784,225.911763485674,205.147262241672,190.736995881315,134.141967974744,140.524081006271,159.854977351518,154.00675025904
" Gm13408",2211.7259184802,2469.10193354722,2393.06720573785,2489.28556612925,3792.82762670877,3474.46279441727,2573.6109312539,1937.07535789015
" Hspa5",19493.4435901138,19379.1835732387,14663.3797365089,13920.9522365915,21166.2426785612,22580.4636919073,12987.4623293078,12736.043412602
" Gtdc1",1099.80976742272,995.398416066061,704.111150476707,748.05446743045,1412.17371766061,1296.44923145717,948.855476966196,826.6921900083
" Zeb2",96.3583382313007,82.0541878682329,79.828496952787,73.88943459606,173.38561398688,167.378972847267,92.5651025788252,106.808126518436
" Fign",35.3130263947038,30.7648411797722,57.3292882998063,61.4812600237104,46.1824922112875,44.1728688946317,35.1643983826555,45.5694897085779
" Sp5",435.966798088438,422.945647269798,2186.27350450578,2235.20676351743,848.096898570865,836.658072901657,1167.54284312428,2464.29673790721
" Pdk1",3955.99698712084,4079.01891718431,11192.4549165922,10644.4708192641,3631.47962131854,3832.53390400504,7263.13770814267,8807.69509989276
" Zdhhc5",1339.34269049325,1234.36882708472,2132.15220747107,1996.40432451587,1101.08903133057,1112.95908254347,1584.35500639555,2100.7884527266
" C1qtnf4",497.055588786919,503.856660785637,306.18503403717,313.007198692114,345.820754447052,350.557351711321,271.109570799935,268.311378440214
" Alx4",13.5841468374642,6.26971973009872,11.8118095340589,6.64218233983584,31.612016244097,21.5384399418374,6.85474788668601,6.19122170547187
" Trim44",1891.10474729895,1933.14307282277,1353.38321949535,1441.55495635307,2039.27402646031,1985.45602664235,1673.31765923658,1440.08787695203
" Fjx1",166.629172077694,148.759572699769,265.935316120994,309.442029862996,233.226568895529,237.731113344985,210.126574362005,253.048977553852
" Prrg4",2417.87897318815,2379.26392678588,1255.41067324631,1259.04864756941,1446.96197875948,1475.19949078095,1887.47766996682,1897.83298408718
" Spred1",925.182056489525,893.177243686009,1412.4796219472,1377.70792653102,1091.20049509232,1030.80631940893,1371.70404836074,1430.51800028266
" Tubgcp4",631.480640560972,671.794397948756,1066.63431425547,994.179251173599,815.511060577492,843.386224195281,832.526934572346,1019.98164445999
" Myef2",2613.04832430807,2567.16626661202,4408.92469460184,4348.52838282286,2600.76443779033,2662.03481915744,3746.62483269675,4162.23016625868
" Bcl2l11",219.862938077048,237.183646787245,518.076563629435,518.297194645847,292.327035679329,273.071984914389,352.402810826568,509.799274612185
" Gm10762",189.616614588507,153.180546078784,492.536003804337,560.026749393657,215.04326770185,166.851158024451,305.393468750523,379.639712491522
" Rrbp1",8152.14064294492,8922.63293486035,5984.5999027331,6016.04841202936,8907.46005966441,9361.65196625827,6371.71391584457,5262.27553362259
" Srxn1",1904.11265681487,2098.44274397116,5435.48661341215,5393.65556263355,1082.44469269327,1072.9958629818,3938.8570943302,6258.33538879803
" Zcchc3",1387.45878687389,1380.91593261969,2173.25129157579,2164.51113165115,1533.22322374524,1395.59613383008,1835.45333425367,2317.18107311128
" Bcl2l1",3532.97261432122,3619.01203980768,2892.71743444832,2870.94125677894,2430.72087981534,2397.52736050997,4275.44078936122,3934.86633968084
" Zfp341",360.672580308067,387.854537464891,284.488437480802,285.222777810505,381.751859019908,360.671375255644,301.117261422293,274.006925995634
" Gm14230",1047.51747824453,1273.20890423284,1923.77253136784,1885.08431927266,1244.64426259491,1225.67511621242,1485.66434429425,1564.85662418593
" Soga1",253.4350916939,255.745101021263,386.6033628902,366.752003989997,369.604557214456,324.76160275351,371.392268119946,414.495486180406
" Sdc4",3652.08459458574,3596.83582636502,2683.09889786008,2559.40825371921,2187.68369425394,2221.31335285685,2264.41707543127,2187.40741585076
" Atp9a",1451.82561895555,1607.96602381018,1204.97066248879,1220.09313902326,1164.11411214477,1215.69052722437,1044.62641746837,812.841240983068
" Cdh4",85.3713164448932,116.66552898477,273.41938506206,263.559082191064,122.480613046056,131.139188126711,179.970066908302,206.21143079203
" 4921531C22Rik",15.6149454387968,5.35907237014858,47.554563546913,37.8495768947157,7.20547180677081,9.7289054624931,21.4834690883513,24.6958871372232
" Gmeb2",971.257689739799,1006.61741184156,720.15910966344,718.234985576556,881.841955570274,884.178320924364,772.819116564664,742.045189217828
" Zfp704",189.938191680897,170.962311244457,328.208988800801,334.873953737158,203.40587518716,197.473432640717,224.835669698678,283.232023512538
" Zmat3",2085.17365865227,2167.85371472429,1575.0386159509,1675.66295369749,2039.51031972737,1895.90501078171,1916.34137361748,1817.90262697062
" D3Ertd254e",168.988772658768,181.622800261748,301.745756084175,263.556466649633,183.148949533104,173.449119916085,193.007855350281,248.174599109697
" Trpc3",21.4737203110687,13.8183985721888,55.914588876465,35.1343257097943,41.8035375362363,40.1376608685422,27.1940304316423,29.1101647436988
" Spry1",731.832080434244,700.728184396078,548.841057250416,517.439067901271,582.865633428069,691.082081242518,658.776849134016,630.151609863823
" Sclt1",163.883312555935,175.529683205283,358.145207805526,352.719010506213,203.269836518961,228.200300007929,227.813812883041,299.696653649583
" Maml3",82.1505394485604,75.9600659608114,100.560000087258,97.8720734585998,284.44899689413,241.956047639303,75.8653853945384,95.6871978346734
" Lhfp",222.903891998485,228.404736576065,195.272940613064,223.360136253811,369.847172192164,349.261113427971,222.104244579255,259.159957915965
" Pfn2",697.160864602357,691.645266695607,1103.18871487699,1077.54933367001,1006.62394801817,930.635026879336,1096.14726896916,1208.13864605885
" Tiparp",2625.36128109871,2446.49773503904,1834.74152448272,1952.69408070465,3502.02305881349,3439.61030396688,2390.7017460715,1940.3911322104
" Trim59",2498.83402129739,2380.60242380782,3467.0723277566,3181.97233235148,3240.11789915941,3624.73395984933,2747.05183243779,3093.99624459938
" D930015E06Rik",910.333047768557,902.977164308798,897.597309337548,866.409520425009,1432.56421122468,1526.72534671615,906.192449943663,885.622393657511
" Apoa1bp",6162.60101641177,5932.78231479649,4653.28736507971,4959.09700091174,8745.30414494848,8687.09826433327,5453.79630199386,4652.01391602326
" Slc25a44",464.774172759192,522.29606215246,671.648052314278,665.198113359323,856.702295650354,824.865399229258,508.623737817578,675.46294046126
" Ubqln4",4264.95115611348,4140.84095790982,3888.08682076509,3819.53378944566,6332.49806315432,5973.0395967484,3964.11352880211,3633.87901441599
" Dap3",2930.9022957071,2846.08962437638,2734.49130467457,2703.12176029877,4162.62452596751,4243.25189802786,2595.00283797149,2405.93676932422
" Mtx1",2851.39332989531,2887.40323458309,3439.89773308087,3266.28155340739,4172.25559289923,4252.28978363903,3011.87076375004,2955.16104006076
" Ube2q1",2206.84649537384,2202.39810124219,2692.29627199909,2717.04410407633,3177.12730464165,3137.17028437791,2528.09026648609,2503.31267195987
" Ints3",2713.78534696008,2727.43050028457,2942.70753246293,2909.408046409,3980.7261988149,3989.60945268335,2714.27445139101,2786.26126234546
" Car14",29.0096265466236,5.97368804279289,40.286423114816,63.2856442227326,130.517487781363,138.811954825882,26.1243738156132,35.3933783304934
" Txnip",14905.3869258937,13194.3413789321,7138.36220966685,7437.34144529917,24828.4641173939,23231.5318716224,7567.4357502823,4647.74748941241
" Pias3",695.764534083178,687.336228381527,797.427241135184,745.388724915841,995.177432882432,961.140179365234,703.235283389888,686.756185915333
" Prkab2",540.736889041673,486.727096246855,400.296190866549,375.208692727625,574.447819497146,584.958700590451,467.483736203312,416.190746786347
" Notch2",1143.90133159089,1196.56347104988,1165.78246222897,1197.94721934137,1772.99640645354,1821.93768533563,1095.9666202681,1099.33237593653
" Atp1a1",19020.636202517,20348.6920358849,19555.3413468669,18501.1283287048,28571.2209275373,30572.5737161817,16832.9687753227,15503.1660774293
" Dclre1b",160.088643449218,160.821742073236,261.444529336676,269.205593080124,269.519000622963,263.073137919705,215.874277154874,251.493452061441
" Rsbn1",391.971112509645,350.846779036158,367.656573672395,373.837880014642,556.255552949398,598.088521848971,393.561953021043,379.49742537118
" Slc16a1",6533.41053652364,6832.93229947563,5874.32089941741,5878.56479028079,11005.7944942385,11672.0422094718,6306.26702988634,6541.62819716401
" Ddx20",2080.94456188183,2028.9208172588,2982.50108839207,2772.44567747374,3047.69134105833,3269.05289427184,2145.23750359234,2385.25107505773
" Slc6a17",38.6874557718581,52.7515143300137,92.2823309880161,75.8443376299402,128.10170890889,117.85025454337,51.7886853695784,82.3889148375694
" Arhgap29",846.423403265278,802.680137141099,593.611117967251,624.223698569226,1486.61415441028,1430.29032089885,866.005837568966,861.731551688179
" Fnbp1l",1449.20509592531,1362.65349952876,1542.04768081473,1537.76330144231,2496.37764135838,2369.24464930987,1428.01377237742,1540.20533583503
" Pde5a",105.636553813562,118.610798775056,221.146546417926,206.267250645985,288.86331799339,297.882629425126,177.14556596102,212.152338346489
" Ap1ar",676.899522141363,624.478200809532,902.05649565725,820.689606326883,1056.18533822679,1004.52926320051,764.850968699794,848.882705883461
" Ube2d3",1591.44476435818,1478.28206461616,1936.12220924028,1881.04062415348,2243.70131904101,2172.17221852247,1792.03097536186,1861.45523492458
" Nfkb1",967.889513912403,995.723137966701,1133.64852963911,1125.25861605015,1371.31903151166,1399.0630341226,1065.31909622497,1106.36605008257
" Pkn2",2552.75553167557,2360.7805981023,2447.29712511935,2433.07013735131,1541.3754443295,1586.11723507224,2568.47762655111,2561.31373677204
" Ddah1",836.828047025776,904.998396918012,715.296945406523,751.875711049152,434.876736765112,464.816293074139,834.256382707784,850.81445919195
" Syde2",846.89174509672,774.734614151134,627.133487334541,640.992400116391,497.72337407384,472.192736459856,713.640715996824,700.21170441817
" Prkacb",1332.86209569234,1278.37977676269,1314.586671168,1263.92510504114,858.098841833077,856.116823817509,1367.70942894929,1390.69886175264
" Dnajb4",76.019432116213,67.1874745856507,143.087645430756,124.012640274468,54.4810225813187,52.0584562799677,95.4180390666131,121.748835005685
" Zzz3",945.88416370297,910.362467926286,1198.99389211326,1154.96314572147,584.189523153294,592.041050633626,1009.00314028057,1116.306366748
" Rabggtb",4229.34821141534,4451.93099841646,3723.70853335163,3369.89489706363,2242.94726117617,2396.70999989875,3404.89748549027,3348.59599174822
" Ankrd13c",932.22558880338,873.270594543019,1237.10896040026,1186.06885214261,407.308067439499,425.398201937857,1117.08708373797,1236.87350368679
" Chd7",1339.08296050963,1188.18912261582,1203.86593356309,1204.42959239855,1932.12582348765,1768.81614951039,1278.30043988677,1246.66538718254
" Ccne2",339.752330813208,268.301262922659,699.175479214692,532.500484515775,231.74185210873,270.049947732855,454.238346370426,557.831642268053
" Pdp1",181.740718217084,185.500954226412,157.850361065528,150.17975121728,103.740527348911,97.9398097867878,167.384727184338,123.985412902431
" Wwp1",1821.4324671353,1742.72206983482,1328.4869455762,1297.07825863301,1693.95579326262,1685.86371459064,1622.8283200845,1469.39432819312
" Fbxo10",129.068950306229,115.269195240985,364.320282179081,348.461088511609,176.947965817892,190.333913598263,216.730848790694,301.602660479376
" Igfbpl1",63.4720634834704,67.7275224991369,80.9755920061401,106.997079935001,153.36786359663,125.541605858016,79.2434778254148,87.9994232524634
" Anks6",190.171464906418,194.091328340469,239.452760356348,257.253493612802,277.63244101704,276.606471210887,224.354546989361,229.655794670201
" Invs",73.3437655603582,69.473861145056,171.758675161968,176.642557604328,114.529010867961,103.311545899157,115.585938500866,158.087560853754
" Slc44a1",2650.46653755338,2735.14481598955,2436.99666053942,2505.19154418758,1774.53653083305,1849.97290960885,2417.251286712,2381.11739280586
" Tmem245",971.01197693763,1002.52647370933,512.223442825774,538.71167084296,647.412047628021,698.386382981223,849.991509503856,631.455800120769
" Acer2",303.391426854611,322.059148734036,496.791787247347,531.882615729572,202.673121690151,221.558745556188,316.811218996422,402.51526198135
" Ror1",34.9904495876312,31.3015585937783,48.424443970003,46.3003718747663,118.51606797066,115.151271023354,30.9937902470551,39.0744725883806
" Cachd1",578.475268390788,548.967942444275,836.615516906802,796.077052837673,813.109058965013,833.930049718856,625.361544528845,644.684741494607
" Zyg11a",516.928141342897,526.284787280778,462.257781015392,475.64963047835,284.842782924934,286.626560801288,383.594981243933,444.824205639154
" Ptch2",254.939581585954,285.007991898968,283.640941487961,280.548544028888,163.670845076835,178.483897543424,209.715865057205,177.912797143626
" 1110065P20Rik",1667.11281991588,1550.53256944467,1242.64522097192,1216.13322787493,1363.31587221693,1413.35099283542,1263.9745411421,1160.42750248083
" Grik3",131.499314842603,133.116777579468,237.05417304305,226.603936293438,106.69988403933,104.513360553449,116.098623260961,121.713084681293
" Ago1",621.976240991877,581.530168739418,1149.72287298133,1060.5501723461,849.47323106774,792.427225123738,710.955355484863,929.028431702818
" Dlgap3",132.772194736113,136.702840837294,184.326778428049,181.672571009031,311.593409110125,278.421987654461,128.233706785873,125.406115732901
" Khdrbs1",4124.82276615942,4206.87897893525,8134.32640862161,8303.08385850705,4222.95006973867,4366.14693854122,6305.4201217305,7822.06548830096
" Srsf10",2520.69338327648,2398.60601679471,4138.15150269897,3900.96150059627,2459.89653862537,2644.26674578584,3049.57932152741,3744.42531166725
" Id3",46.5515979043941,71.8945976417821,396.957812142776,380.828049213556,120.831195351218,87.0120418124383,145.561276900375,228.759940458735
" E2f2",78.8106077203955,84.0160965900378,136.871647154924,146.063106615438,51.4125389968762,48.4946623412138,80.8643727516519,112.746220336256
" Camk2n1",316.087863808527,323.91395904225,257.667832258962,263.654582526337,229.34000147355,223.537146481603,190.045903674438,169.381332120289
" Epha2",2560.17133161859,2670.75048375702,1733.57712587231,1771.72147689836,906.792882751274,1008.85492588513,2814.41780302013,2475.86163675388
" Apitd1",1113.63164932728,1122.07388247408,1945.67568864483,1796.09029384647,1007.84102616191,1018.51122456668,1354.14475673849,1646.90101403135
" Eno1",113645.770626108,114156.159797805,178855.308238335,179040.285858238,143379.166722183,139192.832753208,141307.337269778,158534.176202577
" B3galt6",53.9788000826078,72.677369642907,187.783771192003,156.254322704959,50.6549872973637,61.700938443506,87.6384949177193,131.925433519187
" Steap1",2786.54837309498,2835.84246253696,1646.8493316517,1711.72403605321,1718.59289752224,1768.97603249609,2689.07772780724,2155.57663659511
" Pclo",8.0637825686809,8.30250631334262,11.9080567113192,11.3087954865049,33.4890841367766,29.8988001870145,7.59521986359871,9.53709742223869
" Fosl2",1498.62390536826,1423.25714411676,440.138327576284,587.350220616655,591.095043203212,543.220290041159,1756.40288957504,1247.62154927214
" Crmp1",1414.79628557288,1274.87431059184,1731.65945206051,1833.89946023993,1584.76983962511,1472.47988634099,1865.76065011064,1973.7283249887
" Cpeb2",230.189397807813,218.661554983701,106.396759241259,128.865729674306,182.532231275245,148.268519248395,168.348120537017,178.744927797911
" Lcorl",746.084671873686,704.946278477969,360.442194536178,346.75632502625,795.879286467819,767.390781499213,557.705742892095,414.529187459342
" Tbc1d1",1852.546412849,1864.26732122272,1269.48417582088,1348.80573239309,1800.38667800553,1843.904973963,1594.93049961816,1389.13342898423
" Limch1",223.964997541046,241.548634620292,135.050771353625,144.133599697834,122.07983213191,143.797606758777,238.876338139994,194.121291398755
" Utp3",2426.62706424158,2423.26133078665,4353.28311947926,4271.32126734059,1870.63602320531,1893.17691857987,3581.22559884307,3964.82364829872
" 4930524J08Rik",16.4435992597611,22.5738703485529,186.290862372335,107.617080573781,28.4544440130564,18.441358115472,43.19042066835,50.1552931731453
" Mn1",34.2079599177917,43.65378484605,49.1253892174276,49.400318764845,99.5465865374555,95.0993417919734,30.3718060210088,43.5970864710591
" Fam222a",166.950235760878,168.408391973185,340.104395605994,340.830272759181,166.309912836994,151.810770561496,162.535808330859,208.735032407281
" Gcn1l1",4206.88776390968,4064.91746926923,3007.78417625869,2969.68421834192,4016.84418036442,4115.29630573131,3210.84662443082,3004.13497447229
" Ccdc64",1239.70935793972,1349.50864046703,2056.12040432445,2059.92819975356,806.302653341024,945.665043454733,1630.3517220828,2078.87557533
" Tbx3",1162.31360227286,1053.28038793223,324.398103784534,290.903095962888,807.274622847496,796.102547148648,530.226380705989,207.748821742478
" Atp2a2",8953.76584571368,9280.01207391633,6943.96028053464,6829.11364068285,8224.60509103041,8735.01220862834,8148.61263558809,7260.34552584463
" Ubc",6321.21978617968,6492.75772362358,4573.17233784409,4657.25453696244,5178.86749444142,4677.99071425417,5431.59958747372,5285.77017503049
" Gtf2ird2",69.2926283568279,56.6842720828755,185.241550294345,138.74011335316,55.1895270208436,73.452956836152,59.8364702194486,124.49517486947
" Mafk",1158.99499774498,1137.26714190213,724.263526789823,720.568805721089,699.174476322884,749.241952288466,1013.92994010723,945.079897870597
" Sdk1",50.1266095286207,46.6796324977104,45.5057483090919,30.9950082815618,66.6299068337417,71.2553983057153,46.7224701395445,36.6813876172607
" Tnrc18",1008.31897194971,1044.72654881901,676.090285247797,648.328976096382,1034.0366884552,1010.99386385386,768.243812061595,656.109833879655
" Nptx2",384.472877802656,389.14557451217,250.055246410917,235.985246479021,253.04034395554,279.17278367945,198.057469271464,109.981697687642
" Cdx2",4.38544464999379,13.5458198122066,40.0669807858776,27.1065578888847,81.9578598808617,67.2159364129167,13.1642502877437,4.45874123299522
" Tmem106b",1005.53623157499,909.435116942876,863.350645027144,821.104697823395,1333.87815338633,1346.32360863671,952.762340411627,870.0547841722
" Tspan12",55.7497449602021,49.2001583861834,126.60972834454,110.037384393914,82.6892999511951,68.4774285685358,65.7445921498945,117.411728476411
" Mest",4500.72726620949,4336.44472920473,7509.74173005011,6666.52480216299,8708.42440005711,8110.26018515376,10512.4627275531,10411.5801628346
" Copg2",3887.59316313977,3952.85367436482,2852.45262317918,2924.36714872487,4686.07840762297,4738.90293785579,3358.9177847925,2854.77445653912
" Podxl",1273.15461440997,1321.60064790624,933.029554387536,1020.76171396442,1952.80643367731,1909.51880850206,1332.17550726282,1275.69181635819
" Hnrnpa2b1",15232.768399701,15661.3192787021,24506.6631014582,23868.3170127894,18586.2180040918,17792.2223098074,19776.5660776373,21116.6168281947
" Ndnf",8.50749923091888,6.06417158606062,7.8923344550089,9.99354732978979,23.1015943433593,24.5866517910169,11.0500333756269,1.99608235378719
" Krcc1",1156.52374622169,1171.3050857271,2509.00487472541,2409.63196162958,1308.67991269243,1441.14627056759,2012.37092095174,2390.13343361653
" Mat2a",414.731168221167,390.83887260474,2047.73573035545,1734.99577346658,280.648021136393,351.300521691281,541.549836174719,1282.84712219745
" Tet3",223.092470661411,192.87057687247,363.894463297035,332.942810401341,303.066446065622,275.011995762911,287.298232945428,343.621714645985
" Klf15",339.571587453286,301.636748634068,290.535008345157,258.549819283423,528.152083854269,518.222967155449,230.847752049287,176.008301183761
" Fgd5",742.373874439574,742.018303405077,483.94707173284,530.572512338283,688.010249126326,696.947182357098,631.180444569496,453.751110887679
" Magi1",684.876220247356,720.173083940525,1222.05332360231,1183.53679336284,909.295509735733,893.369719648388,966.150170660107,1172.26374592428
" Lrig1",585.463208788711,637.849760913181,816.805098036486,724.529658296417,935.010386551754,997.241302963351,544.818425013299,656.334334355668
" Wnt5b",189.583394924011,165.055360535681,450.855771392263,352.762526452732,150.521728633217,171.968970026607,208.702087556848,377.000267790719
" Fbxl14",812.068509106421,795.911775850738,1304.90813736321,1244.71520749368,829.237211862913,745.595996220413,1008.30193343624,1127.31765600578
" Cecr5",780.004860114862,794.271229133796,1272.41508896267,1215.43668542224,758.228285185259,844.007779435235,868.384754620388,1003.93831646163
" Phc1",6622.0946336768,6566.93070603147,4899.20591027702,5123.22951738431,5525.75712106804,5549.07162888456,5046.97881503275,3673.07462121443
" Prmt8",42.4672249605064,62.4634903642502,121.054645575258,83.3795332419108,104.56068049996,110.221641511747,34.1459823565857,40.7097478729164
" Tmem238",391.812103670948,443.010153420319,719.460773557099,765.607477943801,187.17850625316,164.443266802765,432.936289463107,515.66936697364
" Chmp2a",11162.3275670542,10370.3979789128,7487.87442845187,7867.55703328564,8635.06322841237,8581.29443595162,9554.23728236755,8268.22427868569
" Bbc3",5085.28731661116,4946.93488889303,2207.35490915856,2436.57172891167,3862.92135929665,3739.40725226795,4329.69851572096,2963.97322390362
" Zc3h4",808.913989218631,782.145919125942,1549.31019880004,1438.72578243488,804.628915769503,767.244780015291,1112.03609187288,1354.95699697513
" Megf8",1951.82411376851,2178.40153466833,1306.53795089987,1323.21310300118,1800.22594900221,1977.40584933865,1442.63809789581,1290.94429347719
" Sertad1",522.714414425253,438.831096392581,784.685009884317,698.812778275733,445.301663970751,484.007128933325,621.599776918213,684.072640140133
" Kcnc1",16.185078755935,13.1559701870271,8.87235787412637,13.4729373424521,58.8148957578121,51.1106042512186,14.3835550421659,14.2903805677609
" Klf13",1096.03684803324,1017.28532614834,1645.26298992588,1570.35799672163,1256.00211447913,1093.00510984394,1509.50867518815,1709.0988590338
" Ndnl2",248.470915353474,244.380369627302,399.784641596409,418.966362203527,273.558899989902,277.41124733239,313.486993781426,362.828755558303
" Synm",166.145975483028,180.640770829292,113.09446010681,110.211838784085,176.013556553826,153.616654631875,135.154148307866,108.316957013991
" Igf1r",905.305967660395,1005.48250762157,597.749484701649,574.476558697957,847.298970588521,872.014869100473,680.583749479889,608.224698656369
" Rgma",353.927151496208,327.395086305159,319.318417891474,352.87658726347,729.19234031139,677.048801643186,423.30810511155,360.779639543024
" Mesp2",105.411591551,140.041603088245,67.1047730050883,74.1804979263717,68.8439464871447,78.1765597888913,68.8990043995106,48.4008899140024
" Pde8a",246.01821585823,229.134877562166,335.488565302661,315.760742330567,143.510085672794,121.867207430624,255.408355604078,228.033771118093
" Prkrir",1003.17880737834,1018.25253932834,1722.77040124264,1528.05848250652,1268.30238635859,1129.03908694386,1260.16889755044,1587.6851373448
" Map6",206.908606295384,183.983925618252,139.938002242318,153.146542609213,142.983581165608,185.335649060494,193.589397727405,207.634758404598
" Lipt2",381.594337121287,366.289212840011,599.221815469369,557.143268310264,235.239373463081,254.098183919378,393.75594576846,474.861750457711
" Atg16l2",140.721466029307,151.736670545405,81.9095882291556,82.6080640168457,156.199434696475,169.869491010702,119.23719943919,94.6885965247459
" Rhog",863.195602322585,832.076107857173,1643.1271670118,1678.41097844158,841.665652644791,788.483230673712,1123.76831854039,1411.82784000258
" Ilk",6006.75008253627,5715.50479104464,5128.47785825015,5342.87152966301,3948.30517543522,4136.28814672322,6333.7481603645,6446.43032843073
" Dchs1",59.0097993893157,61.3896341155481,117.935671359138,101.242514800534,60.309979929998,64.1108996192148,66.0800010578904,96.2436888526154
" Zfp143",1655.33327693068,1702.07207941279,993.097010287091,1021.64553497757,1608.95810014926,1604.63765420341,1233.98736351092,1032.85164339676
" Wee1",3058.65374660273,2922.26971746423,2210.86576495618,2189.04284456981,2002.35562041805,2011.10049141396,2927.25047647643,2800.17339186004
" Usp31",674.126297168163,647.032579116591,391.929249826345,402.302996932169,608.388267693476,585.920898775281,572.054961807743,470.219398410595
" Sbk1",1178.4045889573,1253.87164418037,2017.74857978211,2070.62701147801,1337.06525254498,1412.68253311625,1443.30754506991,1746.85429948775
" Atxn2l",12392.5144166248,12748.3912760312,8197.59112911824,8340.37724537809,12998.8175593301,13001.5975336447,10704.7782003267,9424.66954572809
" Kctd13",1068.85357431796,1078.1615853989,767.540870231231,789.438065104028,915.231419298714,869.17553795673,1154.34608802999,962.40705754675
" Zfp768",232.795038147442,255.936757064617,523.433251271684,560.932085115667,267.646146360136,305.328128575584,384.935145948718,506.801973555781
" Fus",3892.64192592163,3804.41380071703,8129.01110934074,8069.95915692827,4740.77353506317,4196.1651469007,5816.71381614872,7145.10893209054
" Ap2a2",7995.42230481522,8043.87996304285,5959.61446593231,6162.00439819614,7243.59869388439,7109.45315875186,7287.33765861376,6306.36420121304
" Ascl2",162.684057723207,131.45587489891,180.618454443602,177.450843450786,156.079273646197,200.924628888012,64.9067256399128,69.0924319039404
" Cdkn1c",3715.48358508154,3696.59001692088,4582.46881242953,4583.74603130919,3467.70911418159,3320.63766806965,285.744213932531,152.022514078729
" Irs2",1646.57043671007,1616.20147050422,899.753701624448,936.215839177918,1508.75605493743,1408.70335186578,1686.39657075532,1493.39507286226
" Col4a2",1191.90855620451,1303.1685362728,821.362421582281,875.861214911682,1482.24095675306,1658.53855252274,900.429872380209,830.46279074505
" Tmco3",221.869103645372,230.792438473596,429.656304389673,350.953325968061,223.232497653711,241.983800157415,299.531865493236,328.676255700741
" Tacc1",770.271143290929,715.733428911485,443.418827476612,451.340895511187,750.829036382731,766.282473003068,598.11554820777,474.633424096149
" Zfp703",578.823040948292,581.923510396226,1450.84266204021,1287.88829198084,1195.40080294293,1037.22108167104,926.59543036017,1375.29250918621
" Fut10",226.779006292402,211.301218926769,542.469885999738,411.932065859465,373.614030060177,337.356072290436,301.694421305938,421.122441743557
" Dusp4",528.343646580602,455.804752007765,431.135921161158,428.936546330753,1376.39961197959,1298.7023583801,592.028525394919,455.003694308348
" 6430573F11Rik",21.5801050079133,25.1425208018741,41.715647548524,43.9806230489241,40.0943650278819,59.2309806275804,20.4566116155248,27.7146774647483
" Irf2",61.6852699595679,70.3775279479538,43.8677355937425,54.5549387019672,108.184298485958,126.205864429592,58.177519982235,55.0886006983727
" Crtc1",75.3442033690798,74.5910827944451,162.032041276582,152.776415651381,101.961988712348,89.5533189810081,105.472864601453,112.941023058671
" Unc13a",49.3115561224216,47.4530050288973,30.3885485944057,35.8583680468659,40.8245661290006,44.0974143059585,40.9967552263105,26.2147607418877
" Slc10a7",386.138706400287,402.30310316936,825.528704011971,768.16742826253,478.22936854945,440.268829757056,598.185180895,721.622359968781
" Mmaa",101.202349922066,107.209902654495,66.0596013193453,63.1702739332646,130.583235188414,133.835300560498,96.1415487939366,64.234283433784
" Pkn1",2734.74379854356,2672.09649496789,2076.53728013359,2063.84566818074,2622.64179842296,2659.21056422652,2033.52323462258,1915.9000858134
" Junb",1938.51764606739,1621.55635337105,767.197852565636,862.929553489763,684.803619247556,653.643693203952,1875.69826902548,1525.09243315379
" Neto2",64.8071264943526,74.6114701373361,147.271651557691,132.382437261972,60.5577520230811,46.9120537728879,74.9414839297351,107.820469816066
" Zfp423",536.828055964123,494.466437934914,465.234232246404,430.534116312186,902.134027488736,783.342441718899,505.727397689336,524.571012070952
" Cyld",316.837533530543,283.796351149922,218.178345739057,223.357090876735,256.236844033506,242.123859655195,288.942945151874,239.61000443376
" Sall1",423.738904001537,455.027485726728,662.100426983538,688.166773070802,477.100769974816,440.722189218875,691.816669816625,813.13495055524
" Tox3",171.364255217785,155.143228880151,214.871242763015,187.993186788972,250.519504545225,241.886216592658,233.91992137307,218.286118023528
" Irx3",286.255058729422,263.770499790556,181.974078760523,149.559545382558,519.486198820026,477.502327273761,211.210048421207,162.639671566921
" Zfp319",173.87123854403,173.217070044878,422.730652350125,375.794861487305,255.740725786709,229.299828842501,288.14751669469,339.641482386582
" Ddx28",566.933430181366,516.018018382057,842.636592589093,870.213979122471,529.456443785647,481.774366258047,628.315058688376,778.449174501673
" Cdh1",15870.7532582802,16886.0015381004,10546.2345984534,11012.4582843945,9596.87722109645,10831.4671651832,13999.5000528474,13472.7193808649
" Nfat5",495.418013404162,427.306590204186,331.285826471449,354.804940829448,425.791766809613,420.772447320261,397.987464824132,395.209383318587
" Zfhx3",966.629072386344,997.316421803298,520.406028830308,563.602956234434,668.445849173412,669.477522560147,916.721944619692,659.075285285837
" Foxf1",75.2728736300866,64.8192562865591,39.0124643060637,35.8277982531346,125.0440262616,128.929147172517,80.1111405191826,64.0077074781092
" Zcchc14",525.256362544838,484.119908838255,728.236429667256,692.072954418023,783.221185600328,716.544865658383,565.279123414255,646.44001184904
" Slc7a5",23138.02369414,24280.6815200122,15308.5887787087,16430.8516296059,26844.9742526657,27343.4636293742,22497.8267939941,18835.2734488451
" Piezo1",6766.41300503719,7441.39420865711,4715.69481260976,4835.56446390248,5235.12036902551,5992.27870209707,5523.30847854003,5001.75126270258
" Rhou",1009.88381926679,862.109568557661,484.802622891107,465.218008502351,819.472793865189,846.683178739721,907.234947281364,822.406950502998
" Fam89a",130.698478679105,137.155574613955,308.630925577775,254.96655097157,104.383450888961,126.845691372201,212.198454614462,260.654960870932
" Irf2bp2",1708.53528009501,1690.11744873561,713.318453203695,738.776429013731,1703.64374031337,1832.19612122401,1219.43100109449,993.568459288643
" Ets1",420.952904120896,373.125413771595,294.600521173126,349.162346853752,699.831449232615,620.217723233935,509.011739195597,562.933927333312
" Clmp",183.001346600567,163.842607368529,299.209101011133,262.09966397808,154.480094432174,163.295251699905,200.626470201368,262.910810988262
" Sorl1",970.727893697071,992.478696641493,595.882869051623,603.946252692757,1085.04721901427,1165.8070692186,657.649516935544,548.20226927355
" H2afx",9222.93442816523,9146.82135315389,15259.1599147235,15298.5378078243,10002.238724082,10032.7650488527,12365.9773792185,12623.3697520818
" Cadm1",952.652524012013,965.150159685329,957.034843197804,889.381687913715,1536.19615963453,1674.12482662993,946.721750823735,869.179551987981
" Ptpn9",600.864692536564,599.346280686154,888.484409428002,885.730515644988,602.689549816949,566.887530426769,787.426904745468,993.035215055668
" Clk3",3415.15886678961,3310.22637407281,2446.768098633,2477.65242560783,3101.37923285274,3390.1412630873,3134.26930438736,2785.06671862699
" Prtg",3668.26896809743,3525.76933011701,3135.6443690257,3049.4996149516,6099.84087450972,5951.48669304882,3592.4338561967,3231.46913434179
" Mapk6",8983.51347438738,9234.48509590905,7228.70535674622,7698.79277172991,5585.06666269771,5564.14875976185,10986.0296582204,12227.7966928971
" Gclc",1504.36595296181,1563.81426593186,2431.65113467869,2380.27729191965,1502.76871633477,1494.38034299434,1659.7353505039,2056.68937372145
" U2surp",1616.6277850489,1623.00876348708,2650.06686787591,2641.74544768654,1818.79612760279,1899.50822497124,2146.994113242,2424.0717107306
" Pls1",348.898193688954,385.870572656217,344.364882635183,326.061740480361,247.3646836148,241.176519565761,287.277598257571,232.252588689468
" Spsb4",134.721336326575,100.564522108987,430.801701697068,390.641960445554,142.20649648536,171.234023588499,235.0616848467,339.008212925414
" Slc25a36",2397.14456543804,2166.67695779369,1362.94454205322,1271.15599065727,1652.44923877024,1704.08098217856,1283.36423691317,1060.77437541443
" Pik3cb",1214.8184898635,1183.54178476612,804.387130810608,841.466558385792,652.10048193219,624.842632831303,1202.08448213052,1200.88557388402
" Amotl2",7562.23189458464,7538.58785545967,3207.84158391118,3589.69935716492,4984.2390434779,4882.27770350909,7148.62577293897,5216.33176054941
" Rbm15b",628.950624489579,595.304788480344,1014.5796443199,939.63710982632,690.959207156304,635.908216865524,750.280634301045,899.583058217337
" Slc38a3",443.695379201101,468.710490158441,336.950719925899,330.65527311173,932.229353051811,874.036098076463,336.514020218492,290.076186222596
" Rbm6",947.124391295679,1026.24346745254,1904.5424249254,1930.90300868024,1085.59560464696,1029.31465773419,1335.23355990246,1800.57160290365
" Azi2",818.504847605795,837.725900593957,1338.06443133468,1211.27840969138,768.978835809384,876.469530009284,1004.63512952149,1154.76802647675
" Eomes",339.800512118985,379.493075604665,401.045266982095,477.989123042873,161.940954848239,207.201090803586,527.77411516142,522.93937415753
" Zfp651",82.7201304490328,83.5620508400628,180.81213667576,177.052373076839,95.0673141576466,94.5203058328348,106.000136785899,168.734311504743
" Plekhg1",144.42429519477,152.856103422402,297.504808532533,275.439265593947,107.572394352305,104.123977081075,197.412617572434,254.914668912174
" Zbtb2",304.193847229612,311.090248446881,518.788310173828,472.57137907368,376.445152024483,350.340086541373,420.82410186376,457.148322932049
" Hivep2",97.3489133507491,75.3459667072587,86.4878701436695,84.2158852144001,51.5821328763194,51.9527108883772,116.00728163062,135.494682420525
" Cited2",1271.34590069485,1162.00374074685,2520.72532986492,2458.40502609526,1382.75585200399,1444.63864664023,1718.48400912316,2349.55121352572
" Myb",91.3127497355424,82.0335793604949,51.0374329897855,59.5654128257101,148.715317355345,121.482196838135,48.3711320161245,35.4972321401486
" Tpd52l1",2626.91365064757,2554.27262687228,1787.51861793349,1951.97168797637,1922.99938678924,1887.00068893478,2046.74090575279,1418.95539367908
" Bend3",297.727895489069,286.783272256558,830.171091917959,761.344427606036,312.533454784017,318.52643070118,393.780441203043,587.011627182909
" Lin28b",439.301621245873,428.998604291967,619.147740858869,557.927426610387,628.894833116411,650.493133318578,544.789350966438,627.043295028053
" Shc2",358.512040599227,363.102559552141,474.602960935102,490.412804849875,607.363884597274,590.449855413962,402.628012561692,520.841478107269
" Plk5",569.639912992975,625.174361059284,458.104458895532,466.009474615301,271.343841530188,305.382603565586,484.446124684059,490.059010379274
" Nfic",264.43427323309,276.627634152234,240.531394148109,279.188419468344,180.466049532735,187.207726323731,269.630735831851,290.405339484014
" Cdk17",1242.95194294823,1164.85167744724,788.789621088084,873.831197340854,1096.45603168884,1176.21745986237,1355.24700995337,1070.01630123987
" Socs2",772.139787871541,698.732329524665,484.350292284251,484.429079103336,746.669563880375,757.595510303856,608.689082714772,405.593393920692
" Pawr",9416.46129863896,9302.4320253592,5229.32665433306,5806.14166001564,5791.30434874269,6095.3934472193,9981.15905309672,9987.46084422855
" Mdm2",6089.01440405273,5971.56711651461,5261.93978667485,5193.65803412776,3548.84152793414,3938.6784168156,5958.57596668871,5734.79017072188
" Gns",4287.71009585243,4394.3420322207,3816.3554951065,3773.50708790128,6034.46348153561,6157.66275789054,4044.82731042045,3955.77594503817
" Ppm1h",111.573267704597,92.9696822386116,253.183811479396,209.438485431311,281.252677789722,252.584932304143,162.397841740533,167.782803634328
" Pip4k2c",3212.10164686547,3206.33426973503,2466.96557024456,2384.92719284611,2524.37639682067,2537.79104522668,2685.10079682622,2516.81758501839
" Tug1",578.859301710252,512.303035414338,1260.63752727222,1166.61631308842,504.843504345048,505.53620178969,703.737244817539,928.63171968725
" Gas2l1",803.383331182303,914.839125410971,1775.80539036148,1757.66026290813,531.413634620541,548.066215087878,1207.53656940571,1743.72159135793
" Mrps24",5015.87619229155,5000.203031432,3936.85831095379,4326.206639066,3017.74392409826,3133.01067055025,4296.38957484627,3660.98355033085
" Spred2",998.458008188111,1031.84126283543,1590.6953406749,1656.32096543248,1021.99997326733,897.309480953704,1451.75730915435,1626.95248374061
" Slit3",122.015406672516,143.853370517368,91.4925061171135,119.298927020916,227.767265483394,214.830534297359,136.638270392909,142.052300308868
" Ube2b",2285.21066743954,2284.4989837714,4525.52791697038,4474.27621153403,2075.81520513642,2347.72278664799,3213.95400433253,4121.74631943996
" Irf1",1113.57870139103,1100.36526435922,2155.20308396408,1818.61283610714,570.060885133824,662.594458971535,1237.86072761573,1706.14835621048
" Jmjd4",418.421176672587,445.792936647157,612.718878482391,582.605987280648,367.9418971078,309.300796978983,602.889042460183,651.069151362538
" Rai1",224.902248993739,222.761060067547,527.669268404192,505.842751415016,283.476430378413,289.050971452539,342.788487049171,563.878460033575
" 2410006H16Rik",51945.4368382039,47723.1774409791,27287.2408774327,28045.4304848543,43251.6048377837,44721.251422649,29587.2010321327,23879.2390512083
" Ntn1",173.867127413092,158.158323242613,149.289270280983,165.098965200992,494.819584258509,428.474312945438,122.244709542339,109.839579737716
" Atp1b2",385.940173721901,379.221162145705,270.494312939732,292.181377916125,284.518648312477,299.422562864994,323.353258717405,294.740903070019
" Fxr2",8885.07680734147,9182.70966960968,6451.60887086128,6465.12073137277,7444.64292745963,7804.06904515653,7439.83170041398,6687.78599322064
" Gsg2",404.617874454421,386.320460732793,738.916685524357,776.202555348437,405.442410935077,480.157838135371,545.503576469862,717.524122975246
" Sez6",135.918726934652,179.818619999027,112.162742409566,98.0402786876553,141.118440487127,129.48499912252,93.7745458950669,81.7255164019635
" Rab34",2057.63588149636,2033.72820874164,3240.86185021251,3213.63124227356,2910.24623124967,2659.59406188886,2749.00894111519,3258.69506588107
" Suz12",9187.64393161054,8858.87873593069,6769.18822241998,6482.38486221815,5856.40868733922,5996.1782824328,7872.44782443821,6235.92126108049
" Cuedc1",256.721815235648,227.937526234103,308.808568602661,246.013323028648,439.202396486057,355.518068952519,257.396280586851,294.827954492329
" Hlf",4.68651322398013,7.23788221562074,6.42264754036648,2.55595334932412,26.153678795269,24.3084686821633,1.97831242692675,5.95605218468758
" Lasp1",6231.26013372565,6375.35837679495,7059.99080465228,7356.99547095404,3303.64776008402,3266.93347496463,7818.40210771464,8112.43448465138
" Wipf2",647.267068679797,669.341336044239,515.302634295813,486.963068415764,605.951813377913,545.089300189328,552.430271475409,536.3418620839
" Stat3",1288.8058740575,1263.87894457457,664.517176173526,684.994651556848,1317.66398531961,1342.3184380813,962.465039610642,814.239059378927
" Arl4d",483.099144099002,522.024835361362,474.589038604727,482.602646060788,389.842354437056,375.499144261492,323.05756042607,311.238635494135
" Mapt",215.814023180223,201.472759759907,134.516135492781,155.791755039657,125.427059206382,110.785063401856,128.197005330443,110.670093883481
" Cyb561",1543.45465799027,1491.06755089685,1090.66677759091,1117.984811871,972.768267630887,1015.59337792361,1332.9355728921,1212.49186119377
" 1810010H24Rik",183.291711963455,198.864086818334,101.557491882477,128.986482977519,225.090431888614,181.246550065122,188.57867036002,126.240603747076
" Axin2",673.446449683569,699.774083713345,1202.78217079261,1057.85569225988,1011.75987574087,964.093423281816,662.886055004306,915.039761834942
" Slc9a3r1",654.164818135982,558.624135996891,1650.88199479219,1599.38548474561,896.674177574661,866.50433326984,1026.29093618263,1087.54913887806
" Srsf2",7424.86955390749,7336.45437069593,18385.435674996,17336.7206547089,7396.29444184309,7548.10905652374,11222.3743279734,14613.0708470758
" Socs3",383.357516284776,342.701338341065,259.846930578481,245.807195401477,395.333914069174,325.354117472967,310.531484562371,277.839098584935
" Cbx4",246.977844297941,251.004090524608,132.939751116471,138.526601205853,316.060250469952,336.388318433798,191.091967405787,164.159562575398
" Endov",168.288657972362,153.354570935475,291.956817705712,237.015807869236,210.877072495513,216.21287190436,180.003017346517,237.313008314761
" 2900052L18Rik",274.736508539031,216.438354193627,118.658817757108,120.323757278809,92.9213197499419,137.717925624296,194.461799570911,169.289906428249
" Actg1",88724.6746124529,90957.3225248381,65407.7648008756,69364.4735072583,68869.4482642955,65944.1709520877,92998.4077990215,89372.6470392506
" Notum",240.565694233784,266.148686809527,337.465413611484,290.108793608253,431.277781888308,477.582820815919,232.113644116254,360.043354564364
" Mycn",350.191410218267,440.824331877703,678.33353468266,719.414744359846,664.223240397928,639.758399227911,454.098866884682,535.953716865561
" Greb1",123.051506001935,129.228264115608,191.121188938543,199.989075831731,199.303994000014,192.741714957426,181.917996724248,204.343295467158
" Rock2",2137.30052929722,2019.63518362904,1930.77819542823,2005.97324814406,1326.04243820886,1378.68256165819,2427.73536320952,2453.19605024609
" Klf11",1532.81737307088,1500.27055692947,1003.93738657386,968.87868866853,1618.22585468153,1552.08112751214,1239.55793118959,1035.01139470138
" Sox11",505.85584285184,474.972050036271,446.907614707212,453.737230223302,913.74611513269,855.429611113047,507.652440549685,498.137230138865
" Prkd1",818.854682460142,801.662188986097,583.161436554542,637.4417758285,725.741967292669,746.640703732322,717.913765799665,720.467909080623
" Strn3",1650.99423115296,1636.94306987364,2207.78570897,2251.06813592131,1479.28258324073,1526.66012554633,2302.55707354157,2530.79465878864
" Nfkbia",1903.03640691216,1842.84803779827,1328.13834815144,1458.52876544288,892.174025789211,688.691758715594,2047.83394686992,1625.86477000911
" Ctage5",1398.39572270494,1396.81550252159,2039.02256810454,1972.51866380509,1634.54031622065,1621.79142614956,1866.98587699621,2110.67364222892
" Dact1",287.956706160387,270.376212866538,277.979224064914,294.340086402207,449.399354282701,394.028667591625,221.194118781771,261.467100958523
" Six1",176.421571430797,169.329555965717,218.555955505113,197.871333009151,100.381718019764,106.193526301248,162.689748024176,206.731769327669
" Zbtb1",107.099225859617,92.4033327415653,174.79169421309,162.070087380925,105.566220712918,90.0071404789272,117.812210640148,172.56876999738
" Sptb",167.579482277152,178.10640365058,123.41493561336,136.312552847231,142.956068450356,150.493830870749,127.788628710195,99.5771242948842
" Zfp36l1",2652.77026328844,2604.71750044279,1896.83424712908,2098.58716824666,2225.25385701436,2206.1401657603,2840.28295214229,2241.02052237784
" Srsf5",3513.99055036955,3716.72908157199,7588.6594648672,7121.30223614205,3149.745149261,3174.44517804935,4895.90547402703,6144.65719685206
" Ttc9",344.759948632788,383.297022360529,527.045225002745,536.715156005576,210.064027177681,225.089328927534,504.697016556259,615.470781749596
" Amn",268.728423036227,292.840705330226,206.451717067286,147.630196882074,329.922945739991,321.175130716108,178.851184120748,157.550128644189
" Eif5",5080.2512351458,4829.941670687,8450.63299503261,7887.56408790882,4821.2073479865,4927.33001435664,5723.41215215239,7323.24188754366
" Jag2",2646.41355763051,2816.25598277597,1767.13649641767,1806.14325027607,2220.30152973295,2391.89964451037,1829.98746860427,1724.13459709164
" Ptprn2",54.0673964280766,63.7358618891664,39.5183158237647,35.8978739609554,101.695292436421,88.7572335472255,59.9803566038414,39.8340996040865
" Cdca7l",586.814613421134,529.382833723504,886.000861570733,747.369143768306,856.450858845199,844.884866193931,542.291318361248,587.531011235908
" Hist1h1e",198.840047198582,232.023474207569,67.8224711120946,91.5752296593739,275.262509195823,218.041940071169,179.063722663969,94.3429110890581
" Ripk1",63.9709055073287,70.4071232078142,203.15055640784,182.063201162029,57.2570514122569,78.3398739076613,115.051374198604,142.789162789041
" Slc22a23",440.970455656822,417.006301641973,424.914593678996,420.440014914829,956.304201147296,930.977344504799,534.482566203979,442.964873700689
" Dek",4338.35030470118,4275.06579681041,7719.41173970505,7520.64873483956,5763.64801825311,5710.8903442897,5956.36745076333,6736.58583281931
" Ptpdc1",322.080893157548,292.13783140752,216.91501102248,218.317852435465,340.772005970563,323.369856365409,270.192801011724,218.30935033137
" Gadd45g",2194.18413988022,2376.7060638405,1603.74768425606,1518.14440882257,3085.56165069985,3004.13339653611,1129.01729898358,1057.38222647661
" Ror2",1171.1143771923,1233.11112147655,2002.33233337241,1873.60392085021,1663.70456499044,1766.38593508596,1378.98288403919,1520.40390730467
" H2afy",1767.74421519526,1652.38287040606,2064.34857443179,1987.42071211448,2703.94834029059,2631.96917257137,1914.90533083677,1673.51162017025
" Smad5",561.23522759037,511.692108975381,713.283784020064,701.431589793887,805.259901218219,760.033797787565,590.518046516462,613.998600402291
" Gas1",119.436842039744,110.330648998398,230.073507446017,199.678568278404,274.667548014177,301.694639808031,121.882129363268,131.6470579337
" Rfesd",135.409261449725,153.965939184408,280.133142170867,267.144929618136,134.476898566871,139.975623800587,221.350631163088,244.218933769344
" Ssbp2",271.46275502752,252.839327971453,293.042829802357,343.479888578865,608.791350891627,562.048973648199,365.754987722042,367.716757706879
" Zbed3",1003.41551449149,993.592955723087,1857.7463926868,1888.24225006753,869.678381746466,941.35635900842,1129.52169303316,1493.90744935049
" Enc1",2087.50833749049,2091.89728678918,1629.95823793169,1527.37050785245,1251.21186926362,1281.95050383471,2084.6670926261,1730.51626681379
" Emb",4877.79337562355,4880.2167757427,4065.95950842016,4078.82109889748,7052.07968891362,7087.66956194058,4277.05936765005,3619.92990128361
" Nr1d2",368.579239680513,344.460898730631,237.795253942972,248.952487272009,450.384482127483,430.846758699496,308.782199000852,263.75897473555
" Zmiz1",391.389310047289,378.415545923136,692.572917863261,658.683560055603,504.513036991721,439.435233137284,506.714329870018,678.638253805094
" Sh3bp5",660.047544653362,754.393263133901,417.179673011514,432.513207209157,487.124391273592,515.128145302266,621.015169311834,659.811194728237
" Lrrc18",30.6506656990292,26.2983845057523,37.8047755183225,37.6119201618953,75.5801928263339,64.4521190704962,20.1266025216499,20.7752991814574
" Lgals3",1078.42894849271,1340.58007319929,643.524842179874,807.924425195553,176.537867654789,175.017455772418,1130.06020323764,1387.73581435097
" Tmem260",135.048312975548,125.866594193159,268.055239649295,246.441864121853,186.731462312328,185.192089301345,177.957962951331,214.743131692146
" Ajuba",11888.3983686186,11959.5968791182,6220.11247624841,6671.06086079213,9430.79373712573,8910.71367820963,10469.1476630781,8345.85223826046
" Ctsb",8948.14245179358,9005.52023363816,6133.99080154636,6308.10041695422,6202.09009166542,6471.6909066323,7484.27248001454,6878.228536237
" Xkr6",49.0221230307224,50.4733953934736,115.050083590184,118.64066101726,66.8029894854846,58.4140168533653,55.1830728168502,64.6381426039075
" Rb1",594.872631468136,582.517124392257,419.491306504747,437.483310257784,507.075792999683,455.377969341075,604.908398162199,440.980935702115
" Dgkh",569.884497259641,568.74118053804,207.353241113278,245.373454446647,411.758112234915,419.53973495418,388.279844304376,266.833239833434
" Naa16",682.597119284182,684.018011289969,667.444111124135,667.657988212193,984.272421213291,1036.20533527423,617.13452020982,586.911325282337
" Klf5",2291.14468175241,2380.72352694561,1244.3821764581,1277.83558484905,1471.54281789962,1311.6724029964,1975.93216800828,1464.44130270224
" Pou4f1",26.0249090646613,26.7953618507429,64.4024660606764,58.3964900661327,30.8805934575892,28.3528102049799,31.8066944944423,36.2878341608178
" Rnf219",92.7664510322808,77.7887342154235,229.624145126786,205.503160661652,170.785944170032,157.664007013267,114.11397603669,149.740253171445
" Slitrk5",20.6314822173033,30.4472474130061,33.9293796093143,32.2560142668605,57.1220299288322,50.9036738992617,21.6760912717562,29.3668320826531
" Mir17hg",41.1275995060315,39.4579890149373,180.36305504535,102.975789627089,55.317177328776,60.800156365999,65.2358220389032,51.3183966913008
" Gpc6",126.820345757615,109.400500332537,95.5571967592457,100.944821578207,227.75695773224,230.090776166953,115.199135355982,107.035110838394
" Sox21",91.3509245531083,85.9934329255746,103.015276695361,96.7958842644406,180.658381046307,199.044340133407,73.4511628897126,86.6858791721169
" AW549877",2636.71803947759,2502.54868187208,1772.26306261953,1739.10726588462,2738.26356973932,2751.4121735402,2259.55660739517,1818.70414554291
" Gm16136",2.94840629010882,9.10707659690727,54.952882799885,48.2404843785236,6.12240133447743,26.4529026312926,39.8274351925807,53.9583261077727
" Klf10",3238.95163823204,2951.51130780694,2188.47506996496,2222.30154940528,3588.25396990185,3451.0776031954,2864.02639765926,2563.61904261462
" Zhx2",42.2964244213599,27.995519739853,49.6845211463634,44.4879567545635,116.059798971719,116.046544430017,61.2155688083403,61.433357268752
" Atad2",1673.22809240487,1644.31956405979,2075.48934561048,2052.21398284042,2432.25563231421,2432.224653692,1821.31966090616,1912.29079960774
" Chrac1",537.8317063467,499.02242008692,845.063040180445,813.466007109146,464.257001476223,450.626885605931,610.704609478728,751.878616816531
" Srebf2",18013.1076845969,19343.7537931655,12315.6425492105,12726.8576413494,17459.9890525931,18170.9920588194,15983.6575485898,14175.8019860042
" A4galt",391.400935011946,410.983935830074,848.017648333099,860.633212972089,282.204436511069,275.216471349229,522.764720410949,787.989622489552
" Phf21b",128.064865793045,121.569503752615,205.131490769058,197.150114769198,201.803702354098,230.205312930319,168.697479857005,160.678869967719
" Wnt7b",94.6495833680408,125.71260400937,63.2998631955214,81.5603103489438,56.0141864360115,40.3365101048039,107.610300685834,128.95023542626
" Trmu",202.097139289322,214.633815652773,314.038706600606,357.566429003208,166.871545857214,203.449821790046,270.487473217915,279.898894159811
" Pim3",4672.86440807978,4638.16747365904,2001.32564848247,2301.11032476158,3092.55930822018,3207.17249676406,3482.1482769188,2560.2421481245
" Prickle1",284.735364884816,295.628364820455,299.93113069504,300.141025273039,359.391163470313,339.901286887006,425.564410378831,445.999650924325
" Tmem117",78.4396935562715,62.4068891432082,26.0601060213935,14.2599403780792,129.564410117703,145.282889231167,41.4731871142685,30.2085998076298
" Slc48a1",933.161289853226,895.03482137799,657.288076280124,656.778216104263,879.551997706423,850.673089536335,783.427322896013,577.73518303388
" Col2a1",537.477598845209,551.38911830362,193.110287205865,202.013959439145,297.845108728986,300.66206391475,392.173565010694,359.479023287618
" C1ql4",272.278911312658,295.913996090813,116.089721720473,131.997151458917,180.610839367084,182.366885803232,157.505962002543,142.259693107811
" Prpf40b",1094.40344534596,1228.09768045512,795.154417247009,671.369090974367,1193.67547612204,1217.33378349697,782.550315652007,711.760983340525
" Ubald1",1135.12772982244,993.171864327537,486.816938212529,502.552957651031,750.776706663636,707.155603490449,809.291274671195,552.637613365166
" Snn",875.834146789117,863.065493767279,1597.05659971379,1670.90165677227,752.068016165349,715.285757917825,1203.85696660289,1724.20486314007
" Mkl2",338.286168785892,364.710878726272,561.78708337135,561.963550764752,412.86832261346,337.380144763527,503.697820951793,578.094927666214
" Clcn2",615.109019571399,684.226087056331,653.250673112921,638.035039314585,547.281983082156,607.134022784375,457.521532764499,448.167556290057
" Eif4a2",23595.0590246788,23297.0532110662,12989.2340119133,12752.5644373502,17981.7165442243,19100.2485006656,15298.4794517658,12115.0777421385
" Hes1",229.650321541977,222.540225942955,491.217909204822,525.549625772096,1093.99971638427,1035.25362554227,418.181286920736,517.337499473955
" Tfrc",3086.84692876997,3084.97905188377,5222.06873411253,4847.44523719478,2884.23322007681,3267.81997177827,3429.14149135871,4529.33067472013
" Sema5b",469.523865217372,489.28353809075,437.553162594952,464.032065246353,863.441100555812,910.322753241598,426.028970811266,349.348997498096
" Scaf4",1101.1926202287,1119.91629415228,1814.00184891519,1771.02246678004,1558.17463648739,1483.92995098088,1301.16488711496,1604.83704567476
" Donson",663.163335497006,640.292552782318,1007.38269225205,993.528519044166,821.262664422607,803.4696147828,821.458234564995,852.963305736689
" Tulp4",414.55286396434,364.294658860431,526.696614134704,503.168453943191,343.975366520423,311.858271878398,515.046196406128,584.870674865783
" Igf2r",4253.90565488496,4426.17347016515,3423.45340431405,3494.83048231064,3460.5662772306,3768.8599637912,2375.84110478565,1967.38892263437
" Thbs2",138.97090499017,117.226314560798,69.1444317590423,65.7478212624012,143.7079154167,179.013831919288,79.788816645026,57.3118657383779
" Zfp213",215.231452287008,184.669381916703,583.148513913978,558.585812304554,184.936847495637,202.537460799641,316.079339793863,431.369308537445
" Fahd1",521.497005095281,457.120874558196,806.115759297798,702.07333517181,480.473611763323,416.247797463511,610.835949452378,630.523685605255
" Dusp1",4585.50346517045,4891.9202012635,3293.09493050651,3776.6244006546,1848.5866887922,1964.73416124656,6143.00306151902,5700.91993841992
" Srsf3",5059.73592054579,4830.46562559984,9822.78522460584,9021.97508460515,4788.40749689782,5239.24258307487,6266.87090794505,7799.9156430863
" Trp53cor1",30.1892466788645,34.5366470403689,122.586527140554,129.278840702807,66.1710213242733,36.3649108440752,88.1049514986977,118.228038846575
" Slc35b2",1051.51373770287,1211.38997023935,1819.61833318011,1678.59049516641,1113.87037434257,1201.57419941197,1249.24617865218,1464.93994307702
" Srf",3873.6547948849,3753.87111214885,1780.3996383373,1860.27942456784,3444.18207531875,3200.46999159435,3241.50204817673,2426.0922841156
" Fam98a",1033.67021672622,1128.29685197424,1784.17227140046,1794.26745591366,1415.52222632108,1336.89044689713,1549.23703822286,1578.20920914475
" Kcng3",57.1214184059282,51.7144096267169,43.1901995503548,31.1531566678869,24.5406861595323,15.4630458095763,43.2363835713258,43.0564361239069
" Colec12",1065.57196154366,1074.58112337192,1541.30896743957,1539.95766125694,1624.89950516678,1697.14342095732,1469.40296920425,1538.58382341834
" Thoc1",709.902811310901,673.540170868701,1296.24488368273,1292.43786752901,871.476581859178,913.457154902562,845.447082779365,1100.95747434623
" Cdh2",441.552912024397,394.195570055726,469.885827410397,432.501558486019,768.798772156192,779.152140175852,407.931045251201,466.973430615382
" Fchsd1",370.76657918748,324.361934122494,242.708691871331,205.165537332755,222.612376484535,259.55671695123,277.080492634285,236.880983003003
" Sema6a",170.175422735973,204.498324603015,138.477002403149,149.339105101948,299.31452113314,287.086434221476,184.507835585621,171.549245173608
" Ndst1",383.878127364819,400.84890162384,722.94061382121,700.840724066156,382.168965540499,335.252953325242,500.772038895817,610.630365863033
" Ppargc1b",229.625688350067,236.423627620696,147.681893763386,131.150958013261,504.979212256656,458.26976682354,177.0719489436,138.791329604133
" Pmaip1",3932.22016039884,3977.8960256811,2740.33981190167,2791.76033114331,3295.43110876926,3188.38954846322,4718.87875030118,3671.55322061932
" Smad7",351.530942099451,317.39162483934,203.290756929861,200.568252317615,174.869120303521,157.695596676063,291.347122390638,238.794532807532
" Setbp1",52.8002600967252,35.5584385938524,89.5629262131611,89.8304737674041,134.80939673044,115.450720805291,68.4075114514181,94.5356475362409
" Suv420h1",359.092799103945,350.848764043724,613.007027526743,579.297653545406,345.399815644425,346.483937721575,464.309603873374,571.213970243061
" Znhit2",557.31093322544,650.849089762581,1120.19396248307,1156.6945931929,605.419940860468,604.764256887481,789.998888852469,936.506211872336
" Rcor2",3847.96073345315,4032.34322020428,6072.63457416557,5695.42555571434,6630.43605513692,6336.21626348906,4039.33634718359,4857.65026700835
" Lrrc10b",33.417637205321,40.9606518421323,92.4669524990672,86.7879682046622,28.0872898967589,24.9850658338653,64.4870797075824,85.7493721992484
" Patl1",2557.37119916094,2518.59896317426,1808.8241798088,1855.96758799069,3079.58382632736,2678.38772629474,2217.6958857463,1902.71667752091
" Fam122a",270.598177292209,270.648824494755,665.396801797823,687.301834471499,405.3709950239,364.168292890794,517.830412013164,640.638545899321
" Smarca2",100.477862053396,95.9808865888206,124.23619687245,128.473456178985,161.698709590426,126.457696707379,101.166685399315,93.0765683814424
" Vldlr",492.187807877133,488.827944238588,424.60122083611,461.78406917643,666.431565357505,695.677157181027,690.338462598334,714.154493108223
" Ranbp6",135.096298442982,127.938335359044,232.072506773007,232.464655468938,165.767194426751,162.852308026925,166.713000809308,204.195079921968
" Erlin1",987.043855938151,1043.67436353591,727.425717780065,728.182240982815,1232.10387041591,1204.5668888752,873.659866196025,652.718002140849
" Scd2",5953.90071176514,5952.92893822998,6384.76134013863,5995.17724235138,10920.3480680732,11385.2440348953,6880.929544458,7793.69842563204
" Trim8",1013.03771414856,975.600044696925,1747.88196980312,1612.84019438864,1108.10062035217,991.517032744684,1118.46761507243,1535.59048064356
" Sfxn2",94.7274260160444,91.171010010534,233.67512543641,208.897828366115,113.317828811622,91.2244004721432,90.4057964270214,127.716313519405
" Dusp5",1940.59738421343,1887.96240611438,1616.21289515935,1791.65250013887,950.525707384795,897.824939646063,2596.70958594905,2846.76414324648
" Rlim",4303.06600685416,4166.96152567536,2814.55766028547,2793.41478106112,2503.47163323809,2526.28509406292,3871.58871152803,3304.84209776408
