id,gene
ENSMUSG00000030543,Mesp2
ENSMUSG00000030544,Mesp1
ENSMUSG00000050295,Foxc1
ENSMUSG00000019960,Dusp6
ENSMUSG00000027102,Hoxd8
ENSMUSG00000029646,Cdx2
ENSMUSG00000031734,Irx3
ENSMUSG00000038793,Lefty1
ENSMUSG00000047002,Msgn1
ENSMUSG00000066026,Dhrs3
ENSMUSG00000075304,Sp5
ENSMUSG00000001228,Uhrf1
ENSMUSG00000002059,Rab34
ENSMUSG00000002297,Dbf4
ENSMUSG00000004231,Pax2
ENSMUSG00000004642,Slbp
ENSMUSG00000005506,Celf1
ENSMUSG00000006932,Ctnnb1
ENSMUSG00000007872,Id3
ENSMUSG00000007880,Arid1a
ENSMUSG00000008999,Bmp7
ENSMUSG00000016128,Stard13
ENSMUSG00000016526,Dyrk3
ENSMUSG00000017291,Taok1
ENSMUSG00000018189,Uchl5
ENSMUSG00000018486,Wnt9b
ENSMUSG00000018604,Tbx3
ENSMUSG00000019647,Sema6a
ENSMUSG00000019961,Tmpo
ENSMUSG00000020423,Btg2
ENSMUSG00000020477,Mrps24
ENSMUSG00000020954,Strn3
ENSMUSG00000021067,Sav1
ENSMUSG00000021068,Nin
ENSMUSG00000021127,Zfp36l1
ENSMUSG00000021171,Esyt2
ENSMUSG00000021318,Gli3
ENSMUSG00000021359,Tfap2a
ENSMUSG00000021453,Gadd45g
ENSMUSG00000021846,Peli2
ENSMUSG00000021848,Otx2
ENSMUSG00000022114,Spry2
ENSMUSG00000022120,Rnf219
ENSMUSG00000022528,Hes1
ENSMUSG00000024868,Dkk1
ENSMUSG00000025147,Mob2
ENSMUSG00000025219,Fgf8
ENSMUSG00000025813,Homer2
ENSMUSG00000025880,Smad7
ENSMUSG00000025902,Sox17
ENSMUSG00000025927,Tfap2b
ENSMUSG00000026347,Tmem163
ENSMUSG00000026356,Dars
ENSMUSG00000026497,Mixl1
ENSMUSG00000026872,Zeb2
ENSMUSG00000027315,Spint1
ENSMUSG00000027422,Rrbp1
ENSMUSG00000028023,Pitx2
ENSMUSG00000028212,Ccne2
ENSMUSG00000028532,Cachd1
ENSMUSG00000028681,Ptch2
ENSMUSG00000029207,Apbb2
ENSMUSG00000029249,Rest
ENSMUSG00000029385,Ccng2
ENSMUSG00000029405,G3bp2
ENSMUSG00000030019,Fbxl14
ENSMUSG00000030170,Wnt5b
ENSMUSG00000030619,Eed
ENSMUSG00000030981,Mmp21
ENSMUSG00000031642,Sh3rf1
ENSMUSG00000031665,Sall1
ENSMUSG00000031822,Gse1
ENSMUSG00000032035,Ets1
ENSMUSG00000032402,Smad3
ENSMUSG00000032531,Amotl2
ENSMUSG00000033237,Arid2
ENSMUSG00000033767,D930015E06Rik
ENSMUSG00000033952,Aspm
ENSMUSG00000034645,Zyg11a
ENSMUSG00000034673,Pbx2
ENSMUSG00000034731,Dgkh
ENSMUSG00000034765,Dusp5
ENSMUSG00000035621,Midn
ENSMUSG00000036158,Prickle1
ENSMUSG00000037025,Foxa2
ENSMUSG00000037211,Spry1
ENSMUSG00000037331,Larp1
ENSMUSG00000038013,Wipf2
ENSMUSG00000038526,Car14
ENSMUSG00000038894,Irs2
ENSMUSG00000039831,Arhgap29
ENSMUSG00000041703,Zic5
ENSMUSG00000041930,Fam222a
ENSMUSG00000042812,Foxf1
ENSMUSG00000042821,Snai1
ENSMUSG00000044220,Nkx2-3
ENSMUSG00000044548,Dact1
ENSMUSG00000045095,Magi1
ENSMUSG00000045205,Dpy19l4
ENSMUSG00000045817,Zfp36l2
ENSMUSG00000047945,Marcksl1
ENSMUSG00000048027,Rgmb
ENSMUSG00000048616,Nog
ENSMUSG00000051367,Six1
ENSMUSG00000053166,Cdh22
ENSMUSG00000053907,Mat2a
ENSMUSG00000055799,Tcf7l1
ENSMUSG00000057177,Gsk3a
ENSMUSG00000061079,Zfp143
ENSMUSG00000061143,Maml3
ENSMUSG00000061524,Zic2
ENSMUSG00000063524,Eno1
ENSMUSG00000063765,Chadl
ENSMUSG00000066191,Anks6
ENSMUSG00000070520,Ndnl2
ENSMUSG00000070867,Trabd2b
ENSMUSG00000078484,Klhl17
ENSMUSG00000078619,Smarcd2
ENSMUSG00000079259,Trim71
ENSMUSG00000085795,Zfp703
ENSMUSG00000089762,Ier5l
ENSMUSG00000063632,Sox11
ENSMUSG00000005533,Igf1r
ENSMUSG00000011158,Brf1
ENSMUSG00000015053,Gata2
ENSMUSG00000020358,Hnrnpab
ENSMUSG00000024750,Zfand5
ENSMUSG00000026349,Ccnt2
ENSMUSG00000026584,Scyl3
ENSMUSG00000033760,Rbm4b
ENSMUSG00000037169,Mycn
ENSMUSG00000037573,Tob1
ENSMUSG00000038146,Notch3
ENSMUSG00000070509,Rgma
ENSMUSG00000071172,Srsf3
ENSMUSG00000000088,Cox5a
ENSMUSG00000000142,Axin2
ENSMUSG00000000247,Lhx2
ENSMUSG00000000282,Mnt
ENSMUSG00000000296,Tpd52l1
ENSMUSG00000000303,Cdh1
ENSMUSG00000000305,Cdh4
ENSMUSG00000000420,Galnt1
ENSMUSG00000000567,Sox9
ENSMUSG00000000605,Clcn4-2
ENSMUSG00000000632,Sez6
ENSMUSG00000000738,Spg7
ENSMUSG00000000804,Usp32
ENSMUSG00000001054,Rmnd5b
ENSMUSG00000001076,C1ql4
ENSMUSG00000001150,Mcm3ap
ENSMUSG00000001227,Sema6b
ENSMUSG00000001436,Slc19a1
ENSMUSG00000001440,Kpnb1
ENSMUSG00000001467,Cyp51
ENSMUSG00000001472,Tcf25
ENSMUSG00000001496,Nkx2-1
ENSMUSG00000001687,Ubl3
ENSMUSG00000001755,Coasy
ENSMUSG00000001761,Smo
ENSMUSG00000001833,7-Sep
ENSMUSG00000001985,Grik3
ENSMUSG00000002017,Fam98a
ENSMUSG00000002028,Mll1
ENSMUSG00000002083,Bbc3
ENSMUSG00000002105,Slc39a13
ENSMUSG00000002222,Rmnd5a
ENSMUSG00000002249,Tead3
ENSMUSG00000002372,Ranbp3
ENSMUSG00000002393,Nr2f6
ENSMUSG00000002688,Prkd1
ENSMUSG00000002728,Naa20
ENSMUSG00000002731,Prkra
ENSMUSG00000002799,Jag2
ENSMUSG00000002812,Flii
ENSMUSG00000002844,Adprh
ENSMUSG00000002948,Map2k7
ENSMUSG00000002957,Ap2a2
ENSMUSG00000003031,Cdkn1b
ENSMUSG00000003119,Cdk12
ENSMUSG00000003131,Pafah1b2
ENSMUSG00000003316,Glg1
ENSMUSG00000003378,Grik5
ENSMUSG00000003526,Prodh
ENSMUSG00000003575,Crtc1
ENSMUSG00000003810,Mast2
ENSMUSG00000003847,Nfat5
ENSMUSG00000003873,Bax
ENSMUSG00000003934,Efnb3
ENSMUSG00000003949,Hlf
ENSMUSG00000003992,Ssbp2
ENSMUSG00000004040,Stat3
ENSMUSG00000004056,Akt2
ENSMUSG00000004085,B230120H23Rik
ENSMUSG00000004151,Etv1
ENSMUSG00000004263,Atn1
ENSMUSG00000004383,Large
ENSMUSG00000004462,Tbccd1
ENSMUSG00000004535,Tax1bp1
ENSMUSG00000004567,Mcoln1
ENSMUSG00000004591,Pkn2
ENSMUSG00000004633,Chn2
ENSMUSG00000004768,Rab23
ENSMUSG00000004789,Dlst
ENSMUSG00000004798,Ulk2
ENSMUSG00000004897,Hdgf
ENSMUSG00000004980,Hnrnpa2b1
ENSMUSG00000005034,Prkacb
ENSMUSG00000005148,Klf5
ENSMUSG00000005204,Senp3
ENSMUSG00000005237,Dnahc2
ENSMUSG00000005312,Ubqln1
ENSMUSG00000005338,Cadm3
ENSMUSG00000005371,Fbxo11
ENSMUSG00000005447,Pafah1b3
ENSMUSG00000005514,Por
ENSMUSG00000005566,Trim28
ENSMUSG00000005580,Adcy9
ENSMUSG00000005621,Zfp592
ENSMUSG00000005698,Ctcf
ENSMUSG00000005886,Ncoa2
ENSMUSG00000005893,Nr2c2
ENSMUSG00000005936,Kctd20
ENSMUSG00000006378,Gcat
ENSMUSG00000006445,Epha2
ENSMUSG00000006494,Pdk1
ENSMUSG00000006527,Sfmbt1
ENSMUSG00000006576,Slc4a3
ENSMUSG00000006585,Cdt1
ENSMUSG00000006586,Runx1t1
ENSMUSG00000006673,Qrich1
ENSMUSG00000006731,B4galnt1
ENSMUSG00000006784,Ttc25
ENSMUSG00000006941,Eif1b
ENSMUSG00000007036,Abhd16a
ENSMUSG00000007050,Lsm2
ENSMUSG00000007415,Gatad1
ENSMUSG00000007570,Fance
ENSMUSG00000007613,Tgfbr1
ENSMUSG00000007617,Homer1
ENSMUSG00000007656,Arpp19
ENSMUSG00000007659,Bcl2l1
ENSMUSG00000007817,Zmiz1
ENSMUSG00000007836,Hnrnpa0
ENSMUSG00000008140,Emc10
ENSMUSG00000008200,Fnbp4
ENSMUSG00000008305,Tle1
ENSMUSG00000008318,Relt
ENSMUSG00000008348,Ubc
ENSMUSG00000008384,Sertad1
ENSMUSG00000008429,Herpud2
ENSMUSG00000008450,Nutf2
ENSMUSG00000008604,Ubqln4
ENSMUSG00000008958,Vps72
ENSMUSG00000009248,Ascl2
ENSMUSG00000009569,Mkl2
ENSMUSG00000009621,Vav2
ENSMUSG00000010048,Ifrd2
ENSMUSG00000010064,Slc38a3
ENSMUSG00000010453,Kansl3
ENSMUSG00000010517,Faf1
ENSMUSG00000010538,Tsacc
ENSMUSG00000010608,Rbm25
ENSMUSG00000011179,Odc1
ENSMUSG00000011831,Evi5
ENSMUSG00000011884,Gltp
ENSMUSG00000013033,Lphn1
ENSMUSG00000013415,Igf2bp1
ENSMUSG00000013419,Zfp651
ENSMUSG00000013663,Pten
ENSMUSG00000013973,Dedd
ENSMUSG00000014039,Prdm15
ENSMUSG00000014195,Dnajc7
ENSMUSG00000014349,Ube2z
ENSMUSG00000014418,Hps5
ENSMUSG00000014444,Piezo1
ENSMUSG00000014470,Rnf166
ENSMUSG00000014771,Pdcd2
ENSMUSG00000014859,E2f4
ENSMUSG00000014932,Yes1
ENSMUSG00000014956,Ppp1cb
ENSMUSG00000014959,Gorasp2
ENSMUSG00000015087,Rabl6
ENSMUSG00000015120,Ube2i
ENSMUSG00000015143,Actn1
ENSMUSG00000015189,Casd1
ENSMUSG00000015202,Cnksr3
ENSMUSG00000015305,Sash1
ENSMUSG00000015377,Dennd6b
ENSMUSG00000015501,Hivep2
ENSMUSG00000015605,Srf
ENSMUSG00000015652,Steap1
ENSMUSG00000015749,Anp32e
ENSMUSG00000015755,Tab2
ENSMUSG00000015839,Nfe2l2
ENSMUSG00000015882,Lcorl
ENSMUSG00000015937,H2afy
ENSMUSG00000015942,Gtf2ird2
ENSMUSG00000015961,Adss
ENSMUSG00000015994,Fnta
ENSMUSG00000016087,Fli1
ENSMUSG00000016346,Kcnq2
ENSMUSG00000016487,Ppfibp1
ENSMUSG00000016520,Lnx2
ENSMUSG00000016559,H3f3b
ENSMUSG00000016619,Nup50
ENSMUSG00000016624,Phf21b
ENSMUSG00000016831,Tox4
ENSMUSG00000016940,Kctd2
ENSMUSG00000017009,Sdc4
ENSMUSG00000017286,Glod4
ENSMUSG00000017548,Suz12
ENSMUSG00000017707,Serinc3
ENSMUSG00000018143,Mafk
ENSMUSG00000018293,Pfn1
ENSMUSG00000018363,Smurf2
ENSMUSG00000018378,Cuedc1
ENSMUSG00000018411,Mapt
ENSMUSG00000018476,Kdm6b
ENSMUSG00000018500,Adora2b
ENSMUSG00000018509,Cenpv
ENSMUSG00000018548,Trim37
ENSMUSG00000018697,Aatf
ENSMUSG00000018765,Fxr2
ENSMUSG00000018899,Irf1
ENSMUSG00000018965,Ywhah
ENSMUSG00000018983,E2f2
ENSMUSG00000019146,Cacng2
ENSMUSG00000019433,Gipc1
ENSMUSG00000019467,Arhgef25
ENSMUSG00000019487,Trip10
ENSMUSG00000019505,Ubb
ENSMUSG00000019590,Cyb561
ENSMUSG00000019699,Akt3
ENSMUSG00000019794,Katna1
ENSMUSG00000019796,Lrp11
ENSMUSG00000019804,Snx3
ENSMUSG00000019818,Cd164
ENSMUSG00000019831,Wasf1
ENSMUSG00000019841,Rev3l
ENSMUSG00000019843,Fyn
ENSMUSG00000019854,Reps1
ENSMUSG00000019907,Ppp1r12a
ENSMUSG00000019943,Atp2b1
ENSMUSG00000019979,Apaf1
ENSMUSG00000019982,Myb
ENSMUSG00000019984,Med23
ENSMUSG00000019996,Map7
ENSMUSG00000020015,Cdk17
ENSMUSG00000020027,Socs2
ENSMUSG00000020121,Srgap1
ENSMUSG00000020124,Usp15
ENSMUSG00000020132,Rab21
ENSMUSG00000020166,Cnot2
ENSMUSG00000020170,Frs2
ENSMUSG00000020178,Adora2a
ENSMUSG00000020184,Mdm2
ENSMUSG00000020214,Glipr1l2
ENSMUSG00000020289,Nprl3
ENSMUSG00000020307,Cdc34
ENSMUSG00000020312,Shc2
ENSMUSG00000020349,Ppp2ca
ENSMUSG00000020361,Hspa4
ENSMUSG00000020387,Phf15
ENSMUSG00000020390,Ube2b
ENSMUSG00000020393,Kremen1
ENSMUSG00000020396,Nefh
ENSMUSG00000020451,Limk2
ENSMUSG00000020453,Patz1
ENSMUSG00000020457,Drg1
ENSMUSG00000020469,Myl7
ENSMUSG00000020473,Aebp1
ENSMUSG00000020483,Dynll2
ENSMUSG00000020495,Smg8
ENSMUSG00000020496,Rnf187
ENSMUSG00000020519,Sap30l
ENSMUSG00000020530,Ggnbp2
ENSMUSG00000020572,Nampt
ENSMUSG00000020580,Rock2
ENSMUSG00000020585,Laptm4a
ENSMUSG00000020594,Pum2
ENSMUSG00000020612,Prkar1a
ENSMUSG00000020624,4933434M16Rik
ENSMUSG00000020647,Ncoa1
ENSMUSG00000020653,Klf11
ENSMUSG00000020661,Dnmt3a
ENSMUSG00000020694,Tlk2
ENSMUSG00000020705,Ddx42
ENSMUSG00000020718,Polg2
ENSMUSG00000020719,Ddx5
ENSMUSG00000020733,Slc9a3r1
ENSMUSG00000020783,1200014J11Rik
ENSMUSG00000020792,Exoc7
ENSMUSG00000020794,Ube2g1
ENSMUSG00000020802,Ube2o
ENSMUSG00000020821,Kif1c
ENSMUSG00000020834,Dhrs13
ENSMUSG00000020846,Fam101b
ENSMUSG00000020849,Ywhae
ENSMUSG00000020864,Ankrd40
ENSMUSG00000020872,Tac4
ENSMUSG00000020873,Slc35b1
ENSMUSG00000020883,Fbxl20
ENSMUSG00000020887,A230052G05Rik
ENSMUSG00000020899,Pfas
ENSMUSG00000020902,Ntn1
ENSMUSG00000020923,Ubtf
ENSMUSG00000020962,Gtf2a1
ENSMUSG00000020978,Klhdc2
ENSMUSG00000021000,Ctage5
ENSMUSG00000021010,Npas3
ENSMUSG00000021018,Polr2h
ENSMUSG00000021025,Nfkbia
ENSMUSG00000021047,Nova1
ENSMUSG00000021048,Mthfd1
ENSMUSG00000021054,Sgpp1
ENSMUSG00000021061,Sptb
ENSMUSG00000021065,Fut8
ENSMUSG00000021094,Dhrs7
ENSMUSG00000021095,Gsc
ENSMUSG00000021109,Hif1a
ENSMUSG00000021112,Mpp5
ENSMUSG00000021113,Snapc1
ENSMUSG00000021134,Srsf5
ENSMUSG00000021175,Cdca7l
ENSMUSG00000021180,Rps6ka5
ENSMUSG00000021187,Tc2n
ENSMUSG00000021188,Trip11
ENSMUSG00000021203,Otub2
ENSMUSG00000021265,Slc25a29
ENSMUSG00000021278,Amn
ENSMUSG00000021279,Cdc42bpb
ENSMUSG00000021282,Eif5
ENSMUSG00000021314,Amph
ENSMUSG00000021371,Mcur1
ENSMUSG00000021377,Dek
ENSMUSG00000021391,Cenpp
ENSMUSG00000021408,Ripk1
ENSMUSG00000021460,Auh
ENSMUSG00000021464,Ror2
ENSMUSG00000021488,Nsd1
ENSMUSG00000021496,Pcbd2
ENSMUSG00000021504,B4galt7
ENSMUSG00000021506,Pitx1
ENSMUSG00000021519,Mterfd1
ENSMUSG00000021540,Smad5
ENSMUSG00000021549,Rasa1
ENSMUSG00000021552,Gkap1
ENSMUSG00000021555,Naa35
ENSMUSG00000021635,Rad17
ENSMUSG00000021687,Scamp1
ENSMUSG00000021706,Zfyve16
ENSMUSG00000021709,Erbb2ip
ENSMUSG00000021728,Emb
ENSMUSG00000021738,Atxn7
ENSMUSG00000021767,Kat6b
ENSMUSG00000021774,Ube2e1
ENSMUSG00000021775,Nr1d2
ENSMUSG00000021782,Dlg5
ENSMUSG00000021840,Mapk1ip1l
ENSMUSG00000021892,Sh3bp5
ENSMUSG00000021939,Ctsb
ENSMUSG00000021959,Lats2
ENSMUSG00000022010,Tsc22d1
ENSMUSG00000022019,Tdrd3
ENSMUSG00000022020,Naa16
ENSMUSG00000022023,Wbp4
ENSMUSG00000022099,Epb4.9
ENSMUSG00000022105,Rb1
ENSMUSG00000022108,Itm2b
ENSMUSG00000022116,4930449E01Rik
ENSMUSG00000022119,Rbm26
ENSMUSG00000022124,Fbxl3
ENSMUSG00000022131,Gpr180
ENSMUSG00000022136,Dnajc3
ENSMUSG00000022141,Nipbl
ENSMUSG00000022178,Ajuba
ENSMUSG00000022203,Efs
ENSMUSG00000022283,Pabpc1
ENSMUSG00000022330,Osr2
ENSMUSG00000022335,Zfat
ENSMUSG00000022353,Mtss1
ENSMUSG00000022360,Atad2
ENSMUSG00000022382,Wnt7b
ENSMUSG00000022386,Trmu
ENSMUSG00000022412,Smcr7l
ENSMUSG00000022421,Nptxr
ENSMUSG00000022426,Josd1
ENSMUSG00000022442,Ttll1
ENSMUSG00000022455,Wbp2nl
ENSMUSG00000022463,Srebf2
ENSMUSG00000022483,Col2a1
ENSMUSG00000022503,Nubp1
ENSMUSG00000022515,Anks3
ENSMUSG00000022533,Atp13a3
ENSMUSG00000022555,Dgat1
ENSMUSG00000022568,Scrib
ENSMUSG00000022629,Kif21a
ENSMUSG00000022635,Zcrb1
ENSMUSG00000022641,Bbx
ENSMUSG00000022663,Atg3
ENSMUSG00000022673,Mcm4
ENSMUSG00000022706,Mrpl40
ENSMUSG00000022721,Trmt2a
ENSMUSG00000022738,Gsc2
ENSMUSG00000022752,Tomm70a
ENSMUSG00000022773,Ypel1
ENSMUSG00000022781,Pak2
ENSMUSG00000022788,Fgd4
ENSMUSG00000022791,Tnk2
ENSMUSG00000022797,Tfrc
ENSMUSG00000022801,Lrch3
ENSMUSG00000022812,Gsk3b
ENSMUSG00000022840,Adcy5
ENSMUSG00000022843,Clcn2
ENSMUSG00000022884,Eif4a2
ENSMUSG00000022898,Dscr3
ENSMUSG00000022960,Donson
ENSMUSG00000022969,Il10rb
ENSMUSG00000022974,Paxbp1
ENSMUSG00000022983,Scaf4
ENSMUSG00000022999,Lmbr1l
ENSMUSG00000023007,Prpf40b
ENSMUSG00000023027,Atf1
ENSMUSG00000023075,Akirin1
ENSMUSG00000023087,Ccrn4l
ENSMUSG00000023150,Ivns1abp
ENSMUSG00000023286,Ube2j2
ENSMUSG00000023330,Dtwd1
ENSMUSG00000023473,Celsr3
ENSMUSG00000023495,Pcbp4
ENSMUSG00000023830,Igf2r
ENSMUSG00000023845,Lnpep
ENSMUSG00000023885,Thbs2
ENSMUSG00000023932,Cdc5l
ENSMUSG00000023944,Hsp90ab1
ENSMUSG00000023965,Fbxl17
ENSMUSG00000023967,Mrps18a
ENSMUSG00000023991,Foxp4
ENSMUSG00000024054,Smchd1
ENSMUSG00000024067,Dpy30
ENSMUSG00000024068,Spast
ENSMUSG00000024073,Birc6
ENSMUSG00000024074,Crim1
ENSMUSG00000024085,Man2a1
ENSMUSG00000024096,Ralbp1
ENSMUSG00000024112,Cacna1h
ENSMUSG00000024130,Abca3
ENSMUSG00000024160,Spsb3
ENSMUSG00000024173,Tpsab1
ENSMUSG00000024182,Axin1
ENSMUSG00000024190,Dusp1
ENSMUSG00000024212,Mllt1
ENSMUSG00000024220,Zfp523
ENSMUSG00000024235,Map3k8
ENSMUSG00000024240,Epc1
ENSMUSG00000024241,Sos1
ENSMUSG00000024247,Pkdcc
ENSMUSG00000024276,Zfp397
ENSMUSG00000024283,Wac
ENSMUSG00000024286,Ccny
ENSMUSG00000024287,Thoc1
ENSMUSG00000024294,Mib1
ENSMUSG00000024304,Cdh2
ENSMUSG00000024317,Rnf138
ENSMUSG00000024335,Brd2
ENSMUSG00000024352,Spata24
ENSMUSG00000024387,Csnk2b
ENSMUSG00000024429,Gnl1
ENSMUSG00000024456,Diap1
ENSMUSG00000024477,Pggt1b
ENSMUSG00000024505,Dtwd2
ENSMUSG00000024521,Pmaip1
ENSMUSG00000024524,Gnal
ENSMUSG00000024539,Ptpn2
ENSMUSG00000024548,Setbp1
ENSMUSG00000024556,Me2
ENSMUSG00000024563,Smad2
ENSMUSG00000024590,Lmnb1
ENSMUSG00000024597,Slc12a2
ENSMUSG00000024642,Tle4
ENSMUSG00000024695,Zfp91
ENSMUSG00000024758,Rtn3
ENSMUSG00000024759,Atl3
ENSMUSG00000024764,Naa40
ENSMUSG00000024812,Tjp2
ENSMUSG00000024817,Uhrf2
ENSMUSG00000024855,Pacs1
ENSMUSG00000024921,Smarca2
ENSMUSG00000024924,Vldlr
ENSMUSG00000024940,Ltbp3
ENSMUSG00000024943,Smc5
ENSMUSG00000024968,Rcor2
ENSMUSG00000024985,Tcf7l2
ENSMUSG00000024986,Hhex
ENSMUSG00000024991,Eif3a
ENSMUSG00000025010,Ccnj
ENSMUSG00000025025,Mxi1
ENSMUSG00000025026,Add3
ENSMUSG00000025034,Trim8
ENSMUSG00000025036,Sfxn2
ENSMUSG00000025049,Taf5
ENSMUSG00000025104,Hdgfrp3
ENSMUSG00000025132,Arhgdia
ENSMUSG00000025135,Anapc11
ENSMUSG00000025153,Fasn
ENSMUSG00000025173,Wdr45b
ENSMUSG00000025198,Erlin1
ENSMUSG00000025203,Scd2
ENSMUSG00000025217,Btrc
ENSMUSG00000025234,Arih1
ENSMUSG00000025236,Adpgk
ENSMUSG00000025237,Parp6
ENSMUSG00000025255,Zfhx4
ENSMUSG00000025316,Banp
ENSMUSG00000025340,Rabgef1
ENSMUSG00000025369,Smarcc2
ENSMUSG00000025371,Chmp6
ENSMUSG00000025417,Pip4k2c
ENSMUSG00000025451,Paip1
ENSMUSG00000025555,Farp1
ENSMUSG00000025583,Rptor
ENSMUSG00000025584,Pde8a
ENSMUSG00000025586,Cpeb1
ENSMUSG00000025607,Copg2
ENSMUSG00000025608,Podxl
ENSMUSG00000025702,8-Mar
ENSMUSG00000025764,Phf17
ENSMUSG00000025781,Atp5c1
ENSMUSG00000025786,Zdhhc3
ENSMUSG00000025794,Rpl14
ENSMUSG00000025858,Get4
ENSMUSG00000025876,Unc5a
ENSMUSG00000025878,Uimc1
ENSMUSG00000025932,Eya1
ENSMUSG00000025935,Tram1
ENSMUSG00000025939,Ube2w
ENSMUSG00000025940,Tmem70
ENSMUSG00000025959,Klf7
ENSMUSG00000025964,Adam23
ENSMUSG00000025979,Mob4
ENSMUSG00000025982,Sf3b1
ENSMUSG00000026014,Raph1
ENSMUSG00000026017,Carf
ENSMUSG00000026049,Tex30
ENSMUSG00000026082,Rev1
ENSMUSG00000026083,Eif5b
ENSMUSG00000026104,Stat1
ENSMUSG00000026112,Coa5
ENSMUSG00000026121,Sema4c
ENSMUSG00000026124,Cfc1
ENSMUSG00000026153,Fam135a
ENSMUSG00000026159,Agfg1
ENSMUSG00000026211,Obsl1
ENSMUSG00000026219,Trip12
ENSMUSG00000026227,2810459M11Rik
ENSMUSG00000026238,Ptma
ENSMUSG00000026254,Eif4e2
ENSMUSG00000026273,Mterfd2
ENSMUSG00000026279,Thap4
ENSMUSG00000026289,Atg16l1
ENSMUSG00000026309,Ilkap
ENSMUSG00000026341,Actr3
ENSMUSG00000026399,Cd55
ENSMUSG00000026421,Csrp1
ENSMUSG00000026432,Avpr1b
ENSMUSG00000026436,Elk4
ENSMUSG00000026437,Cdk18
ENSMUSG00000026447,Pik3c2b
ENSMUSG00000026456,Cyb5r1
ENSMUSG00000026490,Cdc42bpa
ENSMUSG00000026495,Efcab2
ENSMUSG00000026504,Sdccag8
ENSMUSG00000026509,Capn2
ENSMUSG00000026519,Tmem63a
ENSMUSG00000026556,Vangl2
ENSMUSG00000026558,Uck2
ENSMUSG00000026565,Pou2f1
ENSMUSG00000026575,Nme7
ENSMUSG00000026594,Ralgps2
ENSMUSG00000026623,Lpgat1
ENSMUSG00000026662,Sephs1
ENSMUSG00000026700,Tnfsf4
ENSMUSG00000026748,Plxdc2
ENSMUSG00000026765,Lypd6b
ENSMUSG00000026782,Abi2
ENSMUSG00000026785,Pkn3
ENSMUSG00000026788,Zbtb43
ENSMUSG00000026812,Tsc1
ENSMUSG00000026841,Fibcd1
ENSMUSG00000026856,Dolpp1
ENSMUSG00000026864,Hspa5
ENSMUSG00000026870,D730039F16Rik
ENSMUSG00000026915,Strbp
ENSMUSG00000026922,Agpat2
ENSMUSG00000026970,Rbms1
ENSMUSG00000027002,Nckap1
ENSMUSG00000027016,Zfp385b
ENSMUSG00000027030,Stk39
ENSMUSG00000027130,Slc12a6
ENSMUSG00000027171,Prrg4
ENSMUSG00000027173,Depdc7
ENSMUSG00000027175,Tcp11l1
ENSMUSG00000027177,Hipk3
ENSMUSG00000027188,Pamr1
ENSMUSG00000027189,Trim44
ENSMUSG00000027201,Myef2
ENSMUSG00000027203,Dut
ENSMUSG00000027217,Tspan18
ENSMUSG00000027239,Mdk
ENSMUSG00000027248,Pdia3
ENSMUSG00000027263,Tubgcp4
ENSMUSG00000027314,Dll4
ENSMUSG00000027323,Rad51
ENSMUSG00000027349,Fam98b
ENSMUSG00000027350,Chgb
ENSMUSG00000027351,Spred1
ENSMUSG00000027361,Gabpb1
ENSMUSG00000027365,Trpm7
ENSMUSG00000027381,Bcl2l11
ENSMUSG00000027424,Mgme1
ENSMUSG00000027435,Cd93
ENSMUSG00000027447,Cst3
ENSMUSG00000027506,Tpd52
ENSMUSG00000027509,Rae1
ENSMUSG00000027519,Rab22a
ENSMUSG00000027520,Zdbf2
ENSMUSG00000027522,Stx16
ENSMUSG00000027546,Atp9a
ENSMUSG00000027562,Car2
ENSMUSG00000027566,Psma7
ENSMUSG00000027593,Raly
ENSMUSG00000027596,a
ENSMUSG00000027612,Mmp24
ENSMUSG00000027620,Rbm39
ENSMUSG00000027630,Tbl1xr1
ENSMUSG00000027637,1110008F13Rik
ENSMUSG00000027641,Rbl1
ENSMUSG00000027651,Rprd1b
ENSMUSG00000027660,Skil
ENSMUSG00000027663,Zmat3
ENSMUSG00000027706,Sec62
ENSMUSG00000027716,Trpc3
ENSMUSG00000027739,Rab33b
ENSMUSG00000027782,Kpna4
ENSMUSG00000027805,Pfn2
ENSMUSG00000027829,Ccnl1
ENSMUSG00000027845,Dclre1b
ENSMUSG00000027878,Notch2
ENSMUSG00000027894,Slc6a17
ENSMUSG00000027905,Ddx20
ENSMUSG00000027933,Ints3
ENSMUSG00000027944,Hax1
ENSMUSG00000027954,Efna1
ENSMUSG00000028035,Dnajb4
ENSMUSG00000028042,Zbtb7b
ENSMUSG00000028070,Apoa1bp
ENSMUSG00000028080,Lrba
ENSMUSG00000028081,Rps3a1
ENSMUSG00000028101,Pias3
ENSMUSG00000028106,Rprd2
ENSMUSG00000028121,Bcar3
ENSMUSG00000028124,Gclm
ENSMUSG00000028163,Nfkb1
ENSMUSG00000028184,Lphn2
ENSMUSG00000028194,Ddah1
ENSMUSG00000028221,Tmem55a
ENSMUSG00000028224,Nbn
ENSMUSG00000028234,Rps20
ENSMUSG00000028331,5830415F09Rik
ENSMUSG00000028341,Nr4a3
ENSMUSG00000028344,Invs
ENSMUSG00000028345,Tex10
ENSMUSG00000028402,Mpdz
ENSMUSG00000028412,Slc44a1
ENSMUSG00000028413,B4galt1
ENSMUSG00000028416,Bag1
ENSMUSG00000028417,Tal2
ENSMUSG00000028426,Rad23b
ENSMUSG00000028496,Mllt3
ENSMUSG00000028530,Jak1
ENSMUSG00000028538,St3gal3
ENSMUSG00000028552,Eps15
ENSMUSG00000028572,Hook1
ENSMUSG00000028577,Plaa
ENSMUSG00000028584,Lrrc38
ENSMUSG00000028617,Lrrc42
ENSMUSG00000028633,Ctps
ENSMUSG00000028639,Ybx1
ENSMUSG00000028649,Macf1
ENSMUSG00000028668,Tceb3
ENSMUSG00000028676,Srsf10
ENSMUSG00000028689,Ccdc163
ENSMUSG00000028736,Pax7
ENSMUSG00000028756,Pink1
ENSMUSG00000028757,Ddost
ENSMUSG00000028779,Pef1
ENSMUSG00000028788,Ptp4a2
ENSMUSG00000028790,Khdrbs1
ENSMUSG00000028809,Srrm1
ENSMUSG00000028826,Tmem57
ENSMUSG00000028832,Stmn1
ENSMUSG00000028849,Map7d1
ENSMUSG00000028857,Tmem222
ENSMUSG00000028882,Ppp1r8
ENSMUSG00000028896,Rcc1
ENSMUSG00000028911,Srsf4
ENSMUSG00000028914,Casp9
ENSMUSG00000028936,Rpl22
ENSMUSG00000028948,Nol9
ENSMUSG00000028949,Smarcd3
ENSMUSG00000028959,Fastk
ENSMUSG00000028965,Tnfrsf9
ENSMUSG00000028977,Casz1
ENSMUSG00000029007,Agtrap
ENSMUSG00000029020,Mfn2
ENSMUSG00000029027,Dffb
ENSMUSG00000029028,Lrrc47
ENSMUSG00000029032,Arhgef16
ENSMUSG00000029038,Ssu72
ENSMUSG00000029050,Ski
ENSMUSG00000029072,Tas1r3
ENSMUSG00000029111,Nelfa
ENSMUSG00000029119,Man2b2
ENSMUSG00000029121,Crmp1
ENSMUSG00000029135,Fosl2
ENSMUSG00000029149,Krtcap3
ENSMUSG00000029165,Agbl5
ENSMUSG00000029174,Tbc1d1
ENSMUSG00000029178,Klf3
ENSMUSG00000029179,Zcchc4
ENSMUSG00000029202,Pds5a
ENSMUSG00000029208,Guf1
ENSMUSG00000029238,Clock
ENSMUSG00000029246,Ppat
ENSMUSG00000029267,Mtf2
ENSMUSG00000029291,Rufy3
ENSMUSG00000029310,Nudt9
ENSMUSG00000029319,Coq2
ENSMUSG00000029330,Cds1
ENSMUSG00000029335,Bmp3
ENSMUSG00000029337,Fgf5
ENSMUSG00000029366,Dck
ENSMUSG00000029413,Naaa
ENSMUSG00000029430,Ran
ENSMUSG00000029432,Gbas
ENSMUSG00000029446,Psph
ENSMUSG00000029454,Mapkapk5
ENSMUSG00000029455,Aldh2
ENSMUSG00000029461,Fam168a
ENSMUSG00000029467,Atp2a2
ENSMUSG00000029500,Pgam5
ENSMUSG00000029524,Sirt4
ENSMUSG00000029550,Sppl3
ENSMUSG00000029569,Tmem168
ENSMUSG00000029571,Tmem106b
ENSMUSG00000029591,Ung
ENSMUSG00000029608,Rph3a
ENSMUSG00000029617,Ccz1
ENSMUSG00000029622,Arpc1b
ENSMUSG00000029647,Pan3
ENSMUSG00000029669,Tspan12
ENSMUSG00000029681,Bcl7b
ENSMUSG00000029684,Wasl
ENSMUSG00000029705,Cux1
ENSMUSG00000029710,Ephb4
ENSMUSG00000029711,Epo
ENSMUSG00000029777,Gars
ENSMUSG00000029814,Igf2bp3
ENSMUSG00000029836,Cbx3
ENSMUSG00000030029,Lrig1
ENSMUSG00000030087,Klf15
ENSMUSG00000030091,Nup210
ENSMUSG00000030105,Arl8b
ENSMUSG00000030120,Mlf2
ENSMUSG00000030127,Cops7a
ENSMUSG00000030180,Kdm5a
ENSMUSG00000030201,Lrp6
ENSMUSG00000030232,Aebp2
ENSMUSG00000030265,Kras
ENSMUSG00000030275,Etnk1
ENSMUSG00000030315,Vgll4
ENSMUSG00000030327,Necap1
ENSMUSG00000030350,Prmt8
ENSMUSG00000030374,Strn4
ENSMUSG00000030402,Ppm1n
ENSMUSG00000030421,Uri1
ENSMUSG00000030431,Tmem238
ENSMUSG00000030499,Kctd15
ENSMUSG00000030516,Tjp1
ENSMUSG00000030538,Cib1
ENSMUSG00000030554,Synm
ENSMUSG00000030557,Mef2a
ENSMUSG00000030660,Pik3c2a
ENSMUSG00000030678,Maz
ENSMUSG00000030685,Kctd13
ENSMUSG00000030691,Fchsd2
ENSMUSG00000030699,Tbx6
ENSMUSG00000030725,Lipt2
ENSMUSG00000030753,Prkrir
ENSMUSG00000030757,Zkscan2
ENSMUSG00000030766,Arhgap17
ENSMUSG00000030779,Rbbp6
ENSMUSG00000030795,Fus
ENSMUSG00000030804,Gm21974
ENSMUSG00000030811,Fbxl19
ENSMUSG00000030876,Mettl9
ENSMUSG00000030890,Ilk
ENSMUSG00000030970,Ctbp2
ENSMUSG00000031016,Wee1
ENSMUSG00000031377,Bmx
ENSMUSG00000031431,Tsc22d3
ENSMUSG00000031443,F7
ENSMUSG00000031467,Agpat5
ENSMUSG00000031503,Col4a2
ENSMUSG00000031513,Leprotl1
ENSMUSG00000031516,Dctn6
ENSMUSG00000031530,Dusp4
ENSMUSG00000031540,Kat6a
ENSMUSG00000031563,Wwc2
ENSMUSG00000031584,Gsr
ENSMUSG00000031586,Rbpms
ENSMUSG00000031591,Asah1
ENSMUSG00000031600,Vps37a
ENSMUSG00000031627,Irf2
ENSMUSG00000031629,Mlf1ip
ENSMUSG00000031684,Slc10a7
ENSMUSG00000031714,Gab1
ENSMUSG00000031729,Ist1
ENSMUSG00000031731,Ap1g1
ENSMUSG00000031736,4933436C20Rik
ENSMUSG00000031749,St3gal2
ENSMUSG00000031756,Cenpn
ENSMUSG00000031790,Mmp15
ENSMUSG00000031864,Ints10
ENSMUSG00000031885,Cbfb
ENSMUSG00000031896,Ctrl
ENSMUSG00000031904,Slc7a6
ENSMUSG00000031910,Has3
ENSMUSG00000031918,Mtmr2
ENSMUSG00000031955,Bcar1
ENSMUSG00000031963,Bmper
ENSMUSG00000031985,Gnpat
ENSMUSG00000032009,Sesn3
ENSMUSG00000032012,Pvrl1
ENSMUSG00000032024,Clmp
ENSMUSG00000032050,Rdx
ENSMUSG00000032051,Fdx1
ENSMUSG00000032064,Dixdc1
ENSMUSG00000032076,Cadm1
ENSMUSG00000032184,Lysmd2
ENSMUSG00000032194,Kank2
ENSMUSG00000032212,Sltm
ENSMUSG00000032216,Nedd4
ENSMUSG00000032217,Rnf111
ENSMUSG00000032228,Tcf12
ENSMUSG00000032239,Rp9
ENSMUSG00000032249,Anp32a
ENSMUSG00000032253,Phip
ENSMUSG00000032290,Ptpn9
ENSMUSG00000032293,Ireb2
ENSMUSG00000032294,Pkm
ENSMUSG00000032307,Ube2q2
ENSMUSG00000032316,Clk3
ENSMUSG00000032328,Tmem30a
ENSMUSG00000032340,Neo1
ENSMUSG00000032350,Gclc
ENSMUSG00000032376,Usp3
ENSMUSG00000032407,U2surp
ENSMUSG00000032411,Tfdp2
ENSMUSG00000032413,Rasa2
ENSMUSG00000032437,Stt3b
ENSMUSG00000032446,Eomes
ENSMUSG00000032449,Slc25a36
ENSMUSG00000032462,Pik3cb
ENSMUSG00000032475,Nck1
ENSMUSG00000032497,Lrrfip2
ENSMUSG00000032501,Trib1
ENSMUSG00000032562,Gnai2
ENSMUSG00000032582,Rbm6
ENSMUSG00000032589,Bsn
ENSMUSG00000032615,Nt5m
ENSMUSG00000032621,Srek1
ENSMUSG00000032637,Atxn2l
ENSMUSG00000032640,Chsy1
ENSMUSG00000032667,Pon2
ENSMUSG00000032688,Malt1
ENSMUSG00000032737,Inppl1
ENSMUSG00000032740,Ccdc88a
ENSMUSG00000032745,Gpbp1
ENSMUSG00000032802,Srxn1
ENSMUSG00000032855,Pkd1
ENSMUSG00000032867,Fbxw8
ENSMUSG00000032875,Arhgef17
ENSMUSG00000032883,Acsl3
ENSMUSG00000032902,Slc16a1
ENSMUSG00000032939,Nup93
ENSMUSG00000032997,Chpf
ENSMUSG00000032998,Foxj3
ENSMUSG00000033004,Mycbp2
ENSMUSG00000033014,Trim33
ENSMUSG00000033075,Senp1
ENSMUSG00000033099,Nol12
ENSMUSG00000033157,Abhd10
ENSMUSG00000033161,Atp1a1
ENSMUSG00000033214,Slitrk5
ENSMUSG00000033278,Ptprm
ENSMUSG00000033411,Ctdspl2
ENSMUSG00000033439,Trmt13
ENSMUSG00000033454,Zbtb1
ENSMUSG00000033488,BC026585
ENSMUSG00000033557,Fam20b
ENSMUSG00000033706,Smyd5
ENSMUSG00000033730,Egr3
ENSMUSG00000033731,3300002A11Rik
ENSMUSG00000033788,Dysf
ENSMUSG00000033871,Ppargc1b
ENSMUSG00000033883,D3Ertd254e
ENSMUSG00000033885,Pxk
ENSMUSG00000033916,Chmp2a
ENSMUSG00000034022,Cpsf1
ENSMUSG00000034037,Fgd5
ENSMUSG00000034041,Lyl1
ENSMUSG00000034075,Zdhhc5
ENSMUSG00000034120,Srsf2
ENSMUSG00000034135,Sik3
ENSMUSG00000034157,2310044G17Rik
ENSMUSG00000034158,Lrrc58
ENSMUSG00000034168,Irf2bpl
ENSMUSG00000034175,Rhbdd3
ENSMUSG00000034187,Nsf
ENSMUSG00000034201,Gas2l1
ENSMUSG00000034227,Foxj1
ENSMUSG00000034235,Usp54
ENSMUSG00000034247,Plekhm1
ENSMUSG00000034259,Exosc4
ENSMUSG00000034269,Setd5
ENSMUSG00000034271,Jdp2
ENSMUSG00000034300,Fam53c
ENSMUSG00000034303,Ccdc15
ENSMUSG00000034317,Trim59
ENSMUSG00000034377,Tulp4
ENSMUSG00000034429,Zfp707
ENSMUSG00000034463,Scara3
ENSMUSG00000034485,Uaca
ENSMUSG00000034520,Gjc1
ENSMUSG00000034522,Zfp395
ENSMUSG00000034610,Zcchc11
ENSMUSG00000034613,Ppm1h
ENSMUSG00000034621,Gpatch8
ENSMUSG00000034640,Tiparp
ENSMUSG00000034707,Gns
ENSMUSG00000034751,Mast4
ENSMUSG00000034799,Unc13a
ENSMUSG00000034801,Sos2
ENSMUSG00000034820,Cpsf7
ENSMUSG00000034825,Nrip3
ENSMUSG00000034832,Tet3
ENSMUSG00000034858,Fam214a
ENSMUSG00000034875,Nudt19
ENSMUSG00000034928,Rnf44
ENSMUSG00000034936,Arl4d
ENSMUSG00000034957,Cebpa
ENSMUSG00000035048,Anapc13
ENSMUSG00000035067,Xkr6
ENSMUSG00000035093,Secisbp2l
ENSMUSG00000035126,Wdr78
ENSMUSG00000035139,Secisbp2
ENSMUSG00000035161,Ints6
ENSMUSG00000035164,Zc3h12c
ENSMUSG00000035168,Tanc1
ENSMUSG00000035203,Epn1
ENSMUSG00000035248,Zcchc6
ENSMUSG00000035278,Plekhj1
ENSMUSG00000035293,G2e3
ENSMUSG00000035298,Klhl35
ENSMUSG00000035305,Ror1
ENSMUSG00000035329,Fbxo33
ENSMUSG00000035356,Nfkbiz
ENSMUSG00000035364,4930524J08Rik
ENSMUSG00000035367,Rmi1
ENSMUSG00000035392,Dennd1a
ENSMUSG00000035397,Klf16
ENSMUSG00000035478,Mbd3
ENSMUSG00000035486,Plk5
ENSMUSG00000035545,Leng8
ENSMUSG00000035551,Igfbpl1
ENSMUSG00000035572,Dcaf10
ENSMUSG00000035597,Prpf39
ENSMUSG00000035629,1700021K19Rik
ENSMUSG00000035798,Zdhhc17
ENSMUSG00000035828,Pim3
ENSMUSG00000035873,Pawr
ENSMUSG00000035900,Gramd4
ENSMUSG00000035941,Ibtk
ENSMUSG00000035949,Fbxw2
ENSMUSG00000035992,Fnip1
ENSMUSG00000036019,Tmtc2
ENSMUSG00000036030,Prtg
ENSMUSG00000036053,Fmnl2
ENSMUSG00000036093,Arl5a
ENSMUSG00000036097,Fam178a
ENSMUSG00000036098,Myrf
ENSMUSG00000036103,Colec12
ENSMUSG00000036131,Frmd7
ENSMUSG00000036181,Hist1h1c
ENSMUSG00000036202,Rif1
ENSMUSG00000036208,BC027231
ENSMUSG00000036241,Ube2r2
ENSMUSG00000036339,Tmem260
ENSMUSG00000036438,Calm2
ENSMUSG00000036523,Greb1
ENSMUSG00000036564,Ndrg4
ENSMUSG00000036698,Ago2
ENSMUSG00000036712,Cyld
ENSMUSG00000036819,Jmjd4
ENSMUSG00000036862,Dchs1
ENSMUSG00000036863,Syde2
ENSMUSG00000036890,Gtdc1
ENSMUSG00000036902,Neto2
ENSMUSG00000036913,Trim67
ENSMUSG00000036943,Rab8b
ENSMUSG00000036990,Otud4
ENSMUSG00000037013,Ss18
ENSMUSG00000037022,Mmaa
ENSMUSG00000037089,Slc35b2
ENSMUSG00000037174,Elf2
ENSMUSG00000037214,Thap1
ENSMUSG00000037236,Matr3
ENSMUSG00000037347,Chst7
ENSMUSG00000037353,Letmd1
ENSMUSG00000037373,Ctbp1
ENSMUSG00000037434,Slc30a1
ENSMUSG00000037458,Azin1
ENSMUSG00000037465,Klf10
ENSMUSG00000037486,Asxl2
ENSMUSG00000037487,Ubr5
ENSMUSG00000037600,1810019J16Rik
ENSMUSG00000037646,Vps13b
ENSMUSG00000037664,Cdkn1c
ENSMUSG00000037716,Ccdc33
ENSMUSG00000037736,Limch1
ENSMUSG00000037795,N4bp2
ENSMUSG00000037801,Iqch
ENSMUSG00000037815,Ctnna1
ENSMUSG00000037843,Vstm2l
ENSMUSG00000037904,Ankrd9
ENSMUSG00000037972,Snn
ENSMUSG00000038007,Acer2
ENSMUSG00000038042,Ptpdc1
ENSMUSG00000038116,Phf20
ENSMUSG00000038119,Cdon
ENSMUSG00000038180,Spag4
ENSMUSG00000038192,Cer1
ENSMUSG00000038205,Prkab2
ENSMUSG00000038214,Bend3
ENSMUSG00000038241,Cep250
ENSMUSG00000038256,Bcl9
ENSMUSG00000038267,Slc22a23
ENSMUSG00000038274,Fau
ENSMUSG00000038346,Zfp384
ENSMUSG00000038351,Sgsm2
ENSMUSG00000038366,Lasp1
ENSMUSG00000038371,Sbf2
ENSMUSG00000038388,Mpp6
ENSMUSG00000038393,Txnip
ENSMUSG00000038406,Scaf1
ENSMUSG00000038497,Tmco3
ENSMUSG00000038502,Ptov1
ENSMUSG00000038518,Jarid2
ENSMUSG00000038524,Fchsd1
ENSMUSG00000038538,Ubn2
ENSMUSG00000038542,Pcid2
ENSMUSG00000038546,Ranbp9
ENSMUSG00000038576,Susd4
ENSMUSG00000038607,Gng10
ENSMUSG00000038623,Tm6sf1
ENSMUSG00000038664,Herc1
ENSMUSG00000038697,Taf5l
ENSMUSG00000038705,Gmeb2
ENSMUSG00000038766,Gabpb2
ENSMUSG00000038806,Sde2
ENSMUSG00000038822,Hace1
ENSMUSG00000038828,Tmem214
ENSMUSG00000038844,Kif16b
ENSMUSG00000038872,Zfhx3
ENSMUSG00000038886,Man2a2
ENSMUSG00000038910,Plcl2
ENSMUSG00000038936,Sccpdh
ENSMUSG00000038975,Rabggtb
ENSMUSG00000039018,Mtg1
ENSMUSG00000039041,Adrm1
ENSMUSG00000039048,Foxred1
ENSMUSG00000039059,Hrh3
ENSMUSG00000039068,Zzz3
ENSMUSG00000039095,En2
ENSMUSG00000039108,Lsm14b
ENSMUSG00000039157,Fam102a
ENSMUSG00000039176,Polg
ENSMUSG00000039218,Srrm2
ENSMUSG00000039244,E130309D02Rik
ENSMUSG00000039262,Prrc2b
ENSMUSG00000039285,Azi2
ENSMUSG00000039308,Ndst2
ENSMUSG00000039361,Picalm
ENSMUSG00000039395,Mreg
ENSMUSG00000039431,Mtmr7
ENSMUSG00000039461,Tcta
ENSMUSG00000039470,Zdhhc2
ENSMUSG00000039477,Tnrc18
ENSMUSG00000039529,Atp8b1
ENSMUSG00000039568,Ubald1
ENSMUSG00000039585,Myo9a
ENSMUSG00000039620,6430573F11Rik
ENSMUSG00000039640,Mrpl12
ENSMUSG00000039683,Sdk1
ENSMUSG00000039716,Dock3
ENSMUSG00000039735,Fnbp1l
ENSMUSG00000039770,Ypel5
ENSMUSG00000039782,Cpeb2
ENSMUSG00000039801,2410089E03Rik
ENSMUSG00000039849,Pcif1
ENSMUSG00000039850,Endov
ENSMUSG00000039910,Cited2
ENSMUSG00000039960,Rhou
ENSMUSG00000039967,Zfp292
ENSMUSG00000039988,Ankrd13c
ENSMUSG00000039989,Cbx4
ENSMUSG00000040010,Slc7a5
ENSMUSG00000040021,Lats1
ENSMUSG00000040025,Ythdf2
ENSMUSG00000040034,Nup43
ENSMUSG00000040163,1700034J05Rik
ENSMUSG00000040177,2310057M21Rik
ENSMUSG00000040209,Zfp704
ENSMUSG00000040270,Bach2
ENSMUSG00000040297,Suco
ENSMUSG00000040310,Alx4
ENSMUSG00000040478,Prdm13
ENSMUSG00000040624,Plekhg1
ENSMUSG00000040640,Erc2
ENSMUSG00000040649,Rimklb
ENSMUSG00000040661,Rad54l2
ENSMUSG00000040663,Clcf1
ENSMUSG00000040669,Phc1
ENSMUSG00000040681,Hmgn1
ENSMUSG00000040687,Madd
ENSMUSG00000040697,Dnajc16
ENSMUSG00000040717,Il17rd
ENSMUSG00000040722,Scamp5
ENSMUSG00000040728,Esrp1
ENSMUSG00000040731,Eif4h
ENSMUSG00000040760,Appl1
ENSMUSG00000040761,Spen
ENSMUSG00000040785,Ttc3
ENSMUSG00000040794,C1qtnf4
ENSMUSG00000040813,Tex264
ENSMUSG00000040843,Tiprl
ENSMUSG00000040850,Psme4
ENSMUSG00000040857,Erf
ENSMUSG00000040888,Gfer
ENSMUSG00000040928,S100pbp
ENSMUSG00000040929,Rfx3
ENSMUSG00000040945,Rcc2
ENSMUSG00000040985,Sun3
ENSMUSG00000041040,Fam117b
ENSMUSG00000041058,Wwp1
ENSMUSG00000041130,Zfp598
ENSMUSG00000041220,Elovl6
ENSMUSG00000041235,Chd7
ENSMUSG00000041263,Rusc1
ENSMUSG00000041264,Uspl1
ENSMUSG00000041303,Gtf3c3
ENSMUSG00000041329,Atp1b2
ENSMUSG00000041354,Rgl2
ENSMUSG00000041390,Mdfic
ENSMUSG00000041417,Pik3r1
ENSMUSG00000041488,Stx3
ENSMUSG00000041530,Ago1
ENSMUSG00000041544,Ptchd2
ENSMUSG00000041609,Ccdc64
ENSMUSG00000041629,Fam104a
ENSMUSG00000041638,Gcn1l1
ENSMUSG00000041669,Prima1
ENSMUSG00000041673,Lrrc18
ENSMUSG00000041685,Fcho2
ENSMUSG00000041702,Btbd7
ENSMUSG00000041773,Enc1
ENSMUSG00000041817,Fam169a
ENSMUSG00000041846,Smek1
ENSMUSG00000041870,Ankrd13a
ENSMUSG00000041935,AW549877
ENSMUSG00000041961,Znrf3
ENSMUSG00000041995,Zbed3
ENSMUSG00000042029,Ncapg2
ENSMUSG00000042082,Arsb
ENSMUSG00000042087,4933440N22Rik
ENSMUSG00000042133,Ppig
ENSMUSG00000042155,Klhl23
ENSMUSG00000042167,Papd4
ENSMUSG00000042202,Slc35e2
ENSMUSG00000042207,Kdm5b
ENSMUSG00000042215,Bag2
ENSMUSG00000042229,Rabif
ENSMUSG00000042323,Pbrm1
ENSMUSG00000042364,Snx18
ENSMUSG00000042372,Dmrt3
ENSMUSG00000042388,Dlgap3
ENSMUSG00000042406,Atf4
ENSMUSG00000042423,Fbrs
ENSMUSG00000042477,Tfap2e
ENSMUSG00000042492,Tbc1d10b
ENSMUSG00000042496,Prdm10
ENSMUSG00000042499,Hoxd11
ENSMUSG00000042532,Golga7b
ENSMUSG00000042572,Ube2q1
ENSMUSG00000042589,Cux2
ENSMUSG00000042594,Sh2b3
ENSMUSG00000042605,Atxn2
ENSMUSG00000042607,Asb4
ENSMUSG00000042650,Alkbh5
ENSMUSG00000042688,Mapk6
ENSMUSG00000042700,Sipa1l1
ENSMUSG00000042734,Ttc9
ENSMUSG00000042745,Id1
ENSMUSG00000042772,Smg7
ENSMUSG00000042874,D930007J09Rik
ENSMUSG00000042978,Sbk1
ENSMUSG00000042988,Notum
ENSMUSG00000043003,Rasef
ENSMUSG00000043068,Fam89a
ENSMUSG00000043190,Rfesd
ENSMUSG00000043241,Upf2
ENSMUSG00000043252,Tmem64
ENSMUSG00000043257,Pigv
ENSMUSG00000043419,A030009H04Rik
ENSMUSG00000043467,Zbtb37
ENSMUSG00000043488,Gm9783
ENSMUSG00000043587,Acpl2
ENSMUSG00000043668,Tox3
ENSMUSG00000043671,Dpy19l3
ENSMUSG00000043687,1190005I06Rik
ENSMUSG00000043716,Rpl7
ENSMUSG00000043885,Slc36a4
ENSMUSG00000043940,Wdfy3
ENSMUSG00000043991,Pura
ENSMUSG00000043993,2900052L18Rik
ENSMUSG00000044030,Irf2bp1
ENSMUSG00000044098,Rsbn1
ENSMUSG00000044147,Arf6
ENSMUSG00000044167,Foxo1
ENSMUSG00000044338,Aplnr
ENSMUSG00000044447,Dock5
ENSMUSG00000044477,Zfand3
ENSMUSG00000044813,Shb
ENSMUSG00000044854,1700056E22Rik
ENSMUSG00000044857,Lemd2
ENSMUSG00000044906,4930503L19Rik
ENSMUSG00000044927,H1fx
ENSMUSG00000044950,Pwwp2a
ENSMUSG00000044966,Fbxo48
ENSMUSG00000044968,Napepld
ENSMUSG00000045005,Fzd5
ENSMUSG00000045039,Megf8
ENSMUSG00000045045,Lrfn4
ENSMUSG00000045053,Kcng3
ENSMUSG00000045071,E130308A19Rik
ENSMUSG00000045098,Suv420h1
ENSMUSG00000045107,Saysd1
ENSMUSG00000045140,Pigw
ENSMUSG00000045180,Shroom2
ENSMUSG00000045259,Klhdc9
ENSMUSG00000045287,Rtn4rl1
ENSMUSG00000045312,Lhfpl2
ENSMUSG00000045316,Fahd1
ENSMUSG00000045333,Zfp423
ENSMUSG00000045349,Sh2d5
ENSMUSG00000045365,Rbm15b
ENSMUSG00000045409,Trim39
ENSMUSG00000045440,Insm2
ENSMUSG00000045519,Zfp560
ENSMUSG00000045538,Ddx28
ENSMUSG00000045671,Spred2
ENSMUSG00000045751,Mms22l
ENSMUSG00000045903,Npas4
ENSMUSG00000045942,BC049762
ENSMUSG00000045946,Gm9804
ENSMUSG00000045969,Ing1
ENSMUSG00000045999,AY036118
ENSMUSG00000046034,Fam105b
ENSMUSG00000046062,Ppp1r15b
ENSMUSG00000046079,Lrrc8d
ENSMUSG00000046139,Patl1
ENSMUSG00000046145,1700018M17Rik
ENSMUSG00000046152,Fut10
ENSMUSG00000046157,Tmem229b
ENSMUSG00000046179,E2f8
ENSMUSG00000046201,Scaf8
ENSMUSG00000046314,Stxbp6
ENSMUSG00000046404,Yod1
ENSMUSG00000046413,D230002A01Rik
ENSMUSG00000046417,Fam211a
ENSMUSG00000046447,Camk2n1
ENSMUSG00000046556,Zfp319
ENSMUSG00000046574,Prr12
ENSMUSG00000046668,Cxxc5
ENSMUSG00000046711,Hmga1
ENSMUSG00000046722,Cdc42se1
ENSMUSG00000046750,BC089491
ENSMUSG00000046791,2410016O06Rik
ENSMUSG00000046792,Zfp787
ENSMUSG00000046822,Slc39a3
ENSMUSG00000046834,Krt1
ENSMUSG00000046897,Zfp740
ENSMUSG00000046997,Spsb4
ENSMUSG00000047126,Cltc
ENSMUSG00000047150,1700001C19Rik
ENSMUSG00000047371,Zfp768
ENSMUSG00000047434,Xxylt1
ENSMUSG00000047454,Gphn
ENSMUSG00000047466,8030462N17Rik
ENSMUSG00000047733,BC048609
ENSMUSG00000047767,Atg16l2
ENSMUSG00000047777,Phf13
ENSMUSG00000047804,Akap10
ENSMUSG00000047878,A4galt
ENSMUSG00000047921,Trappc9
ENSMUSG00000047953,Gp5
ENSMUSG00000048058,Ldlrad3
ENSMUSG00000048076,Arf1
ENSMUSG00000048148,Nwd1
ENSMUSG00000048154,Mll2
ENSMUSG00000048218,Amigo2
ENSMUSG00000048232,Fbxo10
ENSMUSG00000048234,Rnf149
ENSMUSG00000048248,D630032N06Rik
ENSMUSG00000048251,Bcl11b
ENSMUSG00000048277,Syngr2
ENSMUSG00000048307,Ankrd46
ENSMUSG00000048310,Pskh1
ENSMUSG00000048332,Lhfp
ENSMUSG00000048349,Pou4f1
ENSMUSG00000048385,Scrt1
ENSMUSG00000048406,B330016D10Rik
ENSMUSG00000048450,Msx1
ENSMUSG00000048483,Zdhhc22
ENSMUSG00000048490,Nrip1
ENSMUSG00000048498,Cd300e
ENSMUSG00000048546,Tob2
ENSMUSG00000048578,Mlec
ENSMUSG00000048582,Gja3
ENSMUSG00000048647,Exd1
ENSMUSG00000048661,Lemd3
ENSMUSG00000048668,Rhno1
ENSMUSG00000048720,Tbc1d12
ENSMUSG00000048755,Mcat
ENSMUSG00000048756,Foxo3
ENSMUSG00000048874,Phf3
ENSMUSG00000048904,Neurog1
ENSMUSG00000048911,Rnf24
ENSMUSG00000048915,Efna5
ENSMUSG00000048997,Atxn7l2
ENSMUSG00000049001,Ndnf
ENSMUSG00000049036,Tmem121
ENSMUSG00000049106,Dcaf5
ENSMUSG00000049225,Pdp1
ENSMUSG00000049295,Zfp219
ENSMUSG00000049313,Sorl1
ENSMUSG00000049470,Aff4
ENSMUSG00000049493,Pls1
ENSMUSG00000049539,Hist1h1a
ENSMUSG00000049580,Tsku
ENSMUSG00000049606,Zfp644
ENSMUSG00000049630,C1ql3
ENSMUSG00000049659,Aftph
ENSMUSG00000049690,Nckap5
ENSMUSG00000049796,Crh
ENSMUSG00000049823,Zbtb12
ENSMUSG00000049904,Tmem17
ENSMUSG00000049932,H2afx
ENSMUSG00000049940,Pgrmc2
ENSMUSG00000050017,Pitpnb
ENSMUSG00000050107,Gsg2
ENSMUSG00000050144,Slc25a44
ENSMUSG00000050199,Lgr4
ENSMUSG00000050240,Hic2
ENSMUSG00000050335,Lgals3
ENSMUSG00000050373,Snx21
ENSMUSG00000050382,Kif7
ENSMUSG00000050503,Fbxl22
ENSMUSG00000050709,4932442E05Rik
ENSMUSG00000050796,B3galt6
ENSMUSG00000050860,Phospho1
ENSMUSG00000050936,Hist2h2bb
ENSMUSG00000050963,Kcns2
ENSMUSG00000051149,Adnp
ENSMUSG00000051285,Pcmtd1
ENSMUSG00000051306,Usp42
ENSMUSG00000051354,Samd3
ENSMUSG00000051469,Zfp191
ENSMUSG00000051495,Irf2bp2
ENSMUSG00000051510,Mafg
ENSMUSG00000051627,Hist1h1e
ENSMUSG00000051817,Sox12
ENSMUSG00000051855,Mest
ENSMUSG00000051910,Sox6
ENSMUSG00000052040,Klf13
ENSMUSG00000052056,Zfp217
ENSMUSG00000052102,Gnpda1
ENSMUSG00000052105,Soga2
ENSMUSG00000052133,Sema5b
ENSMUSG00000052144,Ppp4r2
ENSMUSG00000052154,Gm9870
ENSMUSG00000052155,Acvr2a
ENSMUSG00000052241,A930035D04Rik
ENSMUSG00000052295,8030423F21Rik
ENSMUSG00000052298,Cdc42se2
ENSMUSG00000052397,Ezr
ENSMUSG00000052414,Atf7
ENSMUSG00000052565,Hist1h1d
ENSMUSG00000052616,Ccdc79
ENSMUSG00000052707,Tnrc6a
ENSMUSG00000052751,Repin1
ENSMUSG00000052759,Gpr25
ENSMUSG00000052837,Junb
ENSMUSG00000052861,Dnahc6
ENSMUSG00000052915,Msl1
ENSMUSG00000052951,C130021I20Rik
ENSMUSG00000052957,Gas1
ENSMUSG00000052979,6530403G13Rik
ENSMUSG00000052997,Uba2
ENSMUSG00000053012,Krcc1
ENSMUSG00000053110,Yap1
ENSMUSG00000053113,Socs3
ENSMUSG00000053253,Ndfip2
ENSMUSG00000053263,Gm12592
ENSMUSG00000053333,Dis3l2
ENSMUSG00000053375,Atp6v1e2
ENSMUSG00000053436,Mapk14
ENSMUSG00000053470,Kdm3a
ENSMUSG00000053580,Tanc2
ENSMUSG00000053588,A730061H03Rik
ENSMUSG00000053646,Plxnb1
ENSMUSG00000053819,Camk2d
ENSMUSG00000053821,Gm9922
ENSMUSG00000053838,Nudcd3
ENSMUSG00000053861,Gm9925
ENSMUSG00000053877,Srcap
ENSMUSG00000053931,Cnn3
ENSMUSG00000053965,Pde5a
ENSMUSG00000054008,Ndst1
ENSMUSG00000054057,A930004D18Rik
ENSMUSG00000054160,Nkx2-4
ENSMUSG00000054237,Fra10ac1
ENSMUSG00000054277,Arfgap3
ENSMUSG00000054611,Kdm2a
ENSMUSG00000054693,Adam10
ENSMUSG00000054766,Set
ENSMUSG00000054843,Atrnl1
ENSMUSG00000054871,Tmem158
ENSMUSG00000055024,Ep300
ENSMUSG00000055053,Nfic
ENSMUSG00000055078,Gabra5
ENSMUSG00000055204,Ankrd17
ENSMUSG00000055296,Tmem245
ENSMUSG00000055407,Map6
ENSMUSG00000055421,Pcdh9
ENSMUSG00000055485,Soga1
ENSMUSG00000055493,Epm2a
ENSMUSG00000055531,Cpsf6
ENSMUSG00000055567,Unc80
ENSMUSG00000055717,Slain1
ENSMUSG00000055835,Zfp1
ENSMUSG00000055976,Cldn23
ENSMUSG00000055980,Irs1
ENSMUSG00000056091,St3gal5
ENSMUSG00000056201,Cfl1
ENSMUSG00000056234,Ncoa4
ENSMUSG00000056258,Kcnq3
ENSMUSG00000056268,Dennd1b
ENSMUSG00000056427,Slit3
ENSMUSG00000056476,Med12l
ENSMUSG00000056537,Rlim
ENSMUSG00000056553,Ptprn2
ENSMUSG00000056579,Tug1
ENSMUSG00000056820,Tsnax
ENSMUSG00000056851,Pcbp2
ENSMUSG00000056900,Usp13
ENSMUSG00000057130,Txnl4a
ENSMUSG00000057181,5730455P16Rik
ENSMUSG00000057193,Slc44a2
ENSMUSG00000057230,Aak1
ENSMUSG00000057236,Rbbp4
ENSMUSG00000057354,4930430O22Rik
ENSMUSG00000057359,Gm17494
ENSMUSG00000057522,Spop
ENSMUSG00000057672,Pkn1
ENSMUSG00000057738,Sptan1
ENSMUSG00000057777,Mab21l2
ENSMUSG00000057914,Cacnb2
ENSMUSG00000057963,Itpk1
ENSMUSG00000058013,11-Sep
ENSMUSG00000058216,BC021614
ENSMUSG00000058239,Usf2
ENSMUSG00000058248,Kcnh1
ENSMUSG00000058392,Rrp1b
ENSMUSG00000058444,Map2k5
ENSMUSG00000058503,Fam133b
ENSMUSG00000058558,Rpl5
ENSMUSG00000058571,Gpc6
ENSMUSG00000058704,Memo1
ENSMUSG00000058975,Kcnc1
ENSMUSG00000058979,Cecr5
ENSMUSG00000058997,Vwa8
ENSMUSG00000059263,Usp47
ENSMUSG00000059273,Zc3h4
ENSMUSG00000059305,Vpreb1
ENSMUSG00000059495,Arhgef12
ENSMUSG00000059498,Fcgr3
ENSMUSG00000059811,Atl2
ENSMUSG00000059834,Sclt1
ENSMUSG00000059842,Zfp341
ENSMUSG00000059867,Olfr960
ENSMUSG00000059991,Nptx2
ENSMUSG00000059995,Atxn7l3
ENSMUSG00000060087,Gm10074
ENSMUSG00000060126,Tpt1
ENSMUSG00000060176,Kif27
ENSMUSG00000060261,Gtf2i
ENSMUSG00000060402,Chst8
ENSMUSG00000060411,Npn2
ENSMUSG00000060487,Samd5
ENSMUSG00000060743,H3f3a
ENSMUSG00000060935,AI597468
ENSMUSG00000060938,Rpl26
ENSMUSG00000061410,Zcchc14
ENSMUSG00000061411,8430427H17Rik
ENSMUSG00000061477,Rps7
ENSMUSG00000061517,Sox21
ENSMUSG00000061589,Dot1l
ENSMUSG00000061601,Pclo
ENSMUSG00000061603,Akap6
ENSMUSG00000061613,U2af1
ENSMUSG00000061731,Ext1
ENSMUSG00000061751,Kalrn
ENSMUSG00000061759,1700052N19Rik
ENSMUSG00000061859,Inadl
ENSMUSG00000061887,Ssbp3
ENSMUSG00000062115,Rai1
ENSMUSG00000062202,Btbd9
ENSMUSG00000062234,Gak
ENSMUSG00000062627,Mysm1
ENSMUSG00000062762,Ei24
ENSMUSG00000062825,Actg1
ENSMUSG00000062901,Klhl24
ENSMUSG00000063077,Kif1b
ENSMUSG00000063234,Gpr84
ENSMUSG00000063273,Naa15
ENSMUSG00000063296,Tmem117
ENSMUSG00000063317,Usp31
ENSMUSG00000063410,Stk24
ENSMUSG00000063450,Syne2
ENSMUSG00000063605,Ccdc102a
ENSMUSG00000063681,Crb1
ENSMUSG00000063714,1700011J10Rik
ENSMUSG00000063804,Lin28b
ENSMUSG00000063821,Dupd1
ENSMUSG00000064043,Trerf1
ENSMUSG00000064068,Mtx1
ENSMUSG00000064181,Rab3ip
ENSMUSG00000064210,Ano6
ENSMUSG00000064413,Gm22245
ENSMUSG00000064422,Gm22502
ENSMUSG00000064508,n-R5s96
ENSMUSG00000064613,Gm24621
ENSMUSG00000065291,Gm26125
ENSMUSG00000065481,Mir346
ENSMUSG00000065616,Mir375
ENSMUSG00000065806,n-R5s69
ENSMUSG00000065870,Rnu3a
ENSMUSG00000065954,Tacc1
ENSMUSG00000065979,Cpped1
ENSMUSG00000066043,Phactr4
ENSMUSG00000066060,Gm12866
ENSMUSG00000066170,E230001N04Rik
ENSMUSG00000066278,Vps37b
ENSMUSG00000066378,Gm10160
ENSMUSG00000066842,Hmcn1
ENSMUSG00000066938,Gm10190
ENSMUSG00000067370,B3galt4
ENSMUSG00000067995,Gtf2f2
ENSMUSG00000068036,Mllt4
ENSMUSG00000068040,Tm9sf4
ENSMUSG00000068154,Insm1
ENSMUSG00000068240,Gm11808
ENSMUSG00000068290,Ddrgk1
ENSMUSG00000068391,Chrac1
ENSMUSG00000068428,Gmnc
ENSMUSG00000068551,Zfp467
ENSMUSG00000068859,Sp9
ENSMUSG00000068921,Dap3
ENSMUSG00000069020,Urm1
ENSMUSG00000069094,Pde7a
ENSMUSG00000069136,A130006I12Rik
ENSMUSG00000069237,C78339
ENSMUSG00000069378,Prdm6
ENSMUSG00000070315,4930581F22Rik
ENSMUSG00000070420,Zscan25
ENSMUSG00000070576,Mn1
ENSMUSG00000070632,Btbd8
ENSMUSG00000070644,Etnk2
ENSMUSG00000070697,Utp3
ENSMUSG00000070720,Tmem200b
ENSMUSG00000070995,Gm6313
ENSMUSG00000071054,Safb
ENSMUSG00000071226,Cecr2
ENSMUSG00000071256,Zfp213
ENSMUSG00000071317,Bves
ENSMUSG00000071632,2510002D24Rik
ENSMUSG00000071659,Hnrnpul2
ENSMUSG00000071757,Zhx2
ENSMUSG00000072501,Phf20l1
ENSMUSG00000072623,Zfp9
ENSMUSG00000072754,Lrcol1
ENSMUSG00000072875,Gpr27
ENSMUSG00000073405,C920025E04Rik
ENSMUSG00000073423,Zfp414
ENSMUSG00000073434,Wdr90
ENSMUSG00000073478,D730003I15Rik
ENSMUSG00000073627,C130036L24Rik
ENSMUSG00000073664,Nbeal1
ENSMUSG00000073676,Hspe1
ENSMUSG00000073705,Apitd1
ENSMUSG00000073982,Rhog
ENSMUSG00000074064,Mlycd
ENSMUSG00000074141,Il4i1
ENSMUSG00000074171,Gm6658
ENSMUSG00000074199,Krtdap
ENSMUSG00000074228,Gm10645
ENSMUSG00000074238,Ap1ar
ENSMUSG00000074256,Gm10655
ENSMUSG00000074388,Gm5544
ENSMUSG00000074412,Gm10689
ENSMUSG00000074414,Gm10691
ENSMUSG00000074517,Gm10710
ENSMUSG00000074579,Lekr1
ENSMUSG00000074682,Zcchc3
ENSMUSG00000074746,Pdzd8
ENSMUSG00000074766,Ism1
ENSMUSG00000074780,Anapc15-ps
ENSMUSG00000074785,Plxnc1
ENSMUSG00000074807,Gm10762
ENSMUSG00000074909,Ranbp6
ENSMUSG00000074918,5430417L22Rik
ENSMUSG00000074922,Fam122a
ENSMUSG00000074994,Qser1
ENSMUSG00000075012,Fjx1
ENSMUSG00000075020,E530001K10Rik
ENSMUSG00000075162,Gm10812
ENSMUSG00000075227,Znhit2
ENSMUSG00000075302,Erich2
ENSMUSG00000075324,Fign
ENSMUSG00000075327,Zbtb2
ENSMUSG00000075334,Rprm
ENSMUSG00000075415,Fnbp1
ENSMUSG00000075463,4930594M22Rik
ENSMUSG00000075465,Gm10837
ENSMUSG00000075585,6330403L08Rik
ENSMUSG00000075704,Txnrd2
ENSMUSG00000076304,Gm23062
ENSMUSG00000076431,Sox4
ENSMUSG00000076439,Mog
ENSMUSG00000076454,Mir762
ENSMUSG00000076873,Trdv5
ENSMUSG00000077143,Gm22936
ENSMUSG00000077323,Rnu11
ENSMUSG00000077401,n-R5s82
ENSMUSG00000077711,AF357399
ENSMUSG00000078129,Actl10
ENSMUSG00000078429,Ctdsp2
ENSMUSG00000078554,Fam229a
ENSMUSG00000078570,1110065P20Rik
ENSMUSG00000078578,Ube2d3
ENSMUSG00000078607,1810010H24Rik
ENSMUSG00000078652,Psme3
ENSMUSG00000078655,Gm10972
ENSMUSG00000078931,Pdf
ENSMUSG00000078945,Naip2
ENSMUSG00000079001,4930404H24Rik
ENSMUSG00000079184,Mphosph8
ENSMUSG00000079295,Klrb1-ps1
ENSMUSG00000079330,Lemd1
ENSMUSG00000079437,Tmem179b
ENSMUSG00000079444,Gm21981
ENSMUSG00000079469,Pigb
ENSMUSG00000079501,Gm5138
ENSMUSG00000079605,Zbtb9
ENSMUSG00000079620,Muc4
ENSMUSG00000079659,Tmem243
ENSMUSG00000080058,Gm11175
ENSMUSG00000080180,Gm17235
ENSMUSG00000080447,Gm25849
ENSMUSG00000080542,Gm22710
ENSMUSG00000080932,Gm10224
ENSMUSG00000081056,Gm13998
ENSMUSG00000081139,Gm13333
ENSMUSG00000081242,Gm15719
ENSMUSG00000081392,Gm11668
ENSMUSG00000081534,Slc48a1
ENSMUSG00000081559,Gm12411
ENSMUSG00000081734,Gm12740
ENSMUSG00000081838,Gm13038
ENSMUSG00000081916,Gm12899
ENSMUSG00000081934,Gm12193
ENSMUSG00000081979,Gm8078
ENSMUSG00000081992,Gm13408
ENSMUSG00000082309,Gm12123
ENSMUSG00000082532,Rpl31-ps6
ENSMUSG00000082637,Gm11248
ENSMUSG00000082780,Rps11-ps5
ENSMUSG00000082864,Gm13358
ENSMUSG00000082980,Olfr1274-ps
ENSMUSG00000083143,Gm13424
ENSMUSG00000083388,Gm11550
ENSMUSG00000084077,Gm11952
ENSMUSG00000084493,Gm22106
ENSMUSG00000084496,Gm22514
ENSMUSG00000084651,Mir1904
ENSMUSG00000084729,Gm24139
ENSMUSG00000084789,Gm12974
ENSMUSG00000084799,Gm11602
ENSMUSG00000084833,Gm12649
ENSMUSG00000084968,Gm12743
ENSMUSG00000084987,Gm13134
ENSMUSG00000084998,Gm16279
ENSMUSG00000085015,Gm14424
ENSMUSG00000085025,Gm13715
ENSMUSG00000085044,1700109G15Rik
ENSMUSG00000085130,Gm11417
ENSMUSG00000085151,1110018N20Rik
ENSMUSG00000085174,Gm16206
ENSMUSG00000085177,Gm11209
ENSMUSG00000085196,Gm14963
ENSMUSG00000085207,Gm11767
ENSMUSG00000085319,Gm13330
ENSMUSG00000085322,Gm14261
ENSMUSG00000085327,Gm16104
ENSMUSG00000085389,1700003M07Rik
ENSMUSG00000085436,Gm11458
ENSMUSG00000085482,A230083N12Rik
ENSMUSG00000085501,Gm11772
ENSMUSG00000085514,9530048J24Rik
ENSMUSG00000085559,Gm11959
ENSMUSG00000085601,Gm4969
ENSMUSG00000085654,Gm12536
ENSMUSG00000085655,Gm15952
ENSMUSG00000085658,Gm15704
ENSMUSG00000085691,Gm14216
ENSMUSG00000085704,4921531C22Rik
ENSMUSG00000085720,Gm7854
ENSMUSG00000085733,Gm11641
ENSMUSG00000085888,Gm12224
ENSMUSG00000085912,Trp53cor1
ENSMUSG00000085921,Gm13752
ENSMUSG00000085965,2310016D23Rik
ENSMUSG00000086064,4930439A04Rik
ENSMUSG00000086141,9030622O22Rik
ENSMUSG00000086191,1110035M17Rik
ENSMUSG00000086266,Igf2as
ENSMUSG00000086340,1810059C17Rik
ENSMUSG00000086359,9630013K17Rik
ENSMUSG00000086365,4930593C16Rik
ENSMUSG00000086391,1700042O10Rik
ENSMUSG00000086429,Gt(ROSA)26Sor
ENSMUSG00000086446,4933426D04Rik
ENSMUSG00000086638,4930405A21Rik
ENSMUSG00000086841,2410006H16Rik
ENSMUSG00000086900,Gm16040
ENSMUSG00000086940,Gm12746
ENSMUSG00000087013,2610027K06Rik
ENSMUSG00000087032,Gm13874
ENSMUSG00000087063,Gm15857
ENSMUSG00000087085,Gm12068
ENSMUSG00000087095,Emx2os
ENSMUSG00000087177,E130307A14Rik
ENSMUSG00000087179,Gm14230
ENSMUSG00000087182,Gm13334
ENSMUSG00000087211,1500016L03Rik
ENSMUSG00000087221,BC037032
ENSMUSG00000087222,E030042O20Rik
ENSMUSG00000087283,Gm13580
ENSMUSG00000087332,Gm12690
ENSMUSG00000087336,Gm15860
ENSMUSG00000087367,Gm15491
ENSMUSG00000087594,BC039771
ENSMUSG00000087600,Gm14454
ENSMUSG00000087617,Gm14268
ENSMUSG00000087658,Gm15051
ENSMUSG00000087659,Gm12606
ENSMUSG00000087668,Gm11186
ENSMUSG00000087679,C330006A16Rik
ENSMUSG00000087695,Gm16291
ENSMUSG00000087754,Gm23470
ENSMUSG00000087756,Gm23469
ENSMUSG00000087830,Gm22820
ENSMUSG00000087916,Gm24912
ENSMUSG00000087921,Gm23228
ENSMUSG00000088209,Gm23752
ENSMUSG00000088210,Gm22084
ENSMUSG00000088639,Mir1955
ENSMUSG00000088816,Gm22387
ENSMUSG00000088818,Gm22389
ENSMUSG00000089083,Rnu7
ENSMUSG00000089268,Mir1961
ENSMUSG00000089280,Gm26025
ENSMUSG00000089432,Mir1966
ENSMUSG00000089618,Gm23776
ENSMUSG00000089635,Gm16559
ENSMUSG00000089663,Gm15651
ENSMUSG00000089666,Gm16269
ENSMUSG00000089698,Gm2541
ENSMUSG00000089704,Galnt2
ENSMUSG00000089726,Mir17hg
ENSMUSG00000089804,Gm16136
ENSMUSG00000089809,A930011G23Rik
ENSMUSG00000089827,1700023H06Rik
ENSMUSG00000089874,9230117E06Rik
ENSMUSG00000089917,Uckl1
ENSMUSG00000090028,Gm17018
ENSMUSG00000090083,Rnf8
ENSMUSG00000090086,AI480526
ENSMUSG00000090150,Acad11
ENSMUSG00000090213,Tmem189
ENSMUSG00000090291,Lrrc10b
ENSMUSG00000090553,Snrpe
ENSMUSG00000090861,4930570N19Rik
ENSMUSG00000090958,Lrrc32
ENSMUSG00000091050,9330020H09Rik
ENSMUSG00000091272,Gm17641
ENSMUSG00000091306,Gm17606
ENSMUSG00000091648,C2cd4d
ENSMUSG00000091896,Ube2d2a
ENSMUSG00000090213,Tmem189
ENSMUSG00000090291,Lrrc10b
ENSMUSG00000090553,Snrpe
ENSMUSG00000090861,4930570N19Rik
ENSMUSG00000090958,Lrrc32
ENSMUSG00000091050,9330020H09Rik
ENSMUSG00000091272,Gm17641
ENSMUSG00000091306,Gm17606
ENSMUSG00000091648,C2cd4d
ENSMUSG00000091896,Ube2d2a
